name,address,listing_price,num_of_bathroom,num_of_bedroom,num_of_view,size
Cati Frantz,07515 Lien Avenue,1943946,4,3,1031,3580
Irwin Cheake,5111 Esker Road,2500942,7,7,541,1056
Chloette Hagger,1599 Hanson Court,1955028,1,8,646,3039
Pier Hothersall,8269 Southridge Crossing,1824512,8,7,925,4435
Vito Drayton,6 Morningstar Alley,770357,3,7,2205,4324
Lionel Petric,2 Sullivan Hill,597966,5,6,282,3172
Kerby Andrichuk,81 Blue Bill Park Road,765829,6,1,610,653
Brig Dakin,68507 Ridgeview Plaza,1562549,8,8,731,996
Bryn Forryan,4 Hovde Avenue,297246,1,0,2931,1775
Zuzana Vescovo,3344 Clarendon Terrace,1448133,0,1,402,3076
Tate Kinnane,20 Vernon Road,1036196,6,0,128,1538
Bernarr Barabich,7 Jenna Junction,2963139,1,5,2616,1074
Drucy Saurin,8530 Calypso Street,258642,2,5,3369,2990
Phylis Heasman,27 Debs Hill,1725218,4,0,2790,3405
Brita Mildenhall,35 Namekagon Road,648815,5,0,1784,548
Dennet Aronov,977 Bobwhite Hill,2709423,8,3,1001,2679
Nichols Tregaskis,3630 Spenser Lane,1401071,1,0,1784,783
Yale Durtnal,35 Hermina Junction,1859863,7,8,1168,1124
Lorne Logesdale,1846 Fairview Way,377072,7,5,2012,3798
Esma Teasell,39060 Bobwhite Plaza,1595382,0,7,546,3615
Marjorie Eloy,7119 Sachtjen Plaza,1011988,5,7,3013,3369
Bunny Lampet,4 Ridgeview Point,1168976,2,1,3371,4850
Daron Elston,018 Lyons Park,2059893,4,3,1989,728
Algernon Vickarman,75782 Loeprich Trail,1454337,7,3,1282,2551
Jeannie O'Fallone,2 Forest Run Drive,1986665,2,5,2573,2620
Rinaldo Bacchus,642 Hoffman Trail,1342805,6,1,3171,4635
Fidelia Wardlaw,538 Bluejay Road,501178,0,1,690,744
Francisca Bartoli,99009 Bluejay Drive,2690934,4,5,716,1113
Hilton Krolle,19 Toban Court,296424,2,1,1038,3306
Jacquelynn Cowdrey,901 Jay Trail,2620282,6,4,2051,1066
Westbrook Greer,697 Westport Court,2835263,1,8,3042,3315
Lucky McCafferky,78263 Shasta Street,1670676,0,2,2938,1162
Boyce Corless,98689 Morning Park,2982314,4,0,262,4206
Leo Illesley,97207 Burrows Crossing,1728560,8,7,146,1885
Barby Bugge,338 Pawling Alley,636157,7,1,3257,2232
Dorice MacCague,8733 Colorado Plaza,2109825,7,4,2279,3389
Taber Channer,8 Canary Avenue,881100,7,4,3298,1868
Bobbe Munday,7 Logan Lane,267337,2,2,343,1782
Fraser Dagnall,5 Quincy Avenue,2978546,8,6,2829,4879
Elke Blaxton,9 Village Green Avenue,2890154,1,6,2712,606
Gaston Gadie,0916 East Street,696217,2,0,1505,4383
Hilary Harnetty,51 Lunder Terrace,1812849,3,1,729,419
Layton Trent,76342 Union Parkway,1234304,0,8,944,783
Korney Senior,208 Rigney Park,1943435,2,0,2302,4684
Celene MacHostie,69984 Hoffman Junction,348523,5,6,1593,3302
Jerrie Simmings,47 Bunker Hill Park,3093352,4,4,134,851
Gillie Rhys,8435 7th Alley,1159583,3,4,431,2290
Sibelle Hunnisett,43 Cambridge Crossing,808864,3,2,63,3902
Grant McCartan,23378 4th Point,2377862,6,2,2106,3395
Florella Kinnett,29 Dennis Trail,1753225,1,6,1662,4944
Shandy Allaway,17216 Pond Crossing,767734,3,1,3182,431
Consalve Bison,3 Birchwood Circle,2812980,0,0,2622,1119
Euphemia Girogetti,281 La Follette Street,256661,3,0,2119,2769
Edyth Statter,8806 Haas Avenue,1088594,4,7,1444,2900
Cheri Tollow,586 Trailsway Drive,1802811,5,3,777,1286
Lidia Pentelo,19731 Lyons Point,1868312,8,8,751,3063
Turner McClinton,7493 Jackson Way,380698,1,5,1181,2352
Nobe Wixon,672 Debs Point,1211480,1,1,3044,2147
Kelsey Wellbelove,22015 Wayridge Drive,907238,8,4,1663,2469
Elston Vido,5 Carpenter Crossing,1311386,6,1,3104,1507
Francesca Cains,774 Quincy Hill,2951035,4,6,2187,4791
Pavlov Kenningham,2 Kings Alley,283437,8,2,1686,1316
Corrie Brannigan,3044 Forest Court,2240573,0,2,1854,4306
Jasmine Hammerich,614 Macpherson Point,2411502,3,1,1408,650
Noelle Brayson,56 Springview Alley,463166,3,7,2384,4793
Clim Bramstom,88871 Sachs Road,1332474,0,4,1187,961
Wilek Hallagan,64 Artisan Circle,1286542,8,1,308,684
Hector Castagna,42410 International Plaza,1759401,8,8,1236,2193
Meara Mildner,568 Tony Alley,2988063,7,5,618,2865
Cleopatra Maxwell,1 Kennedy Hill,2198784,7,1,1007,1223
Galven Mycroft,4474 Northview Hill,1458387,3,1,2340,4887
Roxi Trevorrow,0180 Truax Road,2420467,6,4,2833,2064
Roxine Isard,441 Weeping Birch Park,490845,6,3,639,3936
Joseph MacPaike,65 Tomscot Street,2508688,2,3,1770,2380
Lurlene Barden,9 Vahlen Drive,1209868,2,3,3273,3468
Griffin Rickert,808 Hermina Circle,2161886,0,1,1323,2197
Cleo Dunnion,462 Cody Place,1612597,2,6,2135,4989
Bryn Jeffcoat,756 Bonner Circle,942129,1,2,2431,3366
Petronia Rodge,06818 Carberry Lane,2983461,0,1,2356,2923
Amby Cottrill,31888 Bluejay Alley,1026426,1,3,2005,3830
Vikki Elham,264 Schlimgen Lane,2694812,4,8,3226,3193
Katie Kollach,955 Bellgrove Center,2415254,7,4,2120,3916
Brandais Jeays,098 Arrowood Plaza,2147114,2,1,2073,2437
Rena Puckring,57996 Badeau Hill,2918665,0,6,2223,3577
Dre Duiguid,45 Starling Lane,2218640,8,8,2029,2510
Stanfield Sherringham,1 Donald Center,2084472,4,5,388,1335
Nickie Everiss,5965 Petterle Pass,1417232,6,3,237,3043
Melany Crippill,22 Melby Junction,572336,2,1,3349,2662
Nicki Killwick,80 Sachs Plaza,462654,5,4,283,1033
Jinny Pecha,9 Packers Place,937367,7,0,671,697
Consalve Goddert.sf,962 Parkside Pass,1198047,0,3,807,2594
Rhoda Platfoot,25658 Rockefeller Road,2670957,8,0,2369,1450
Renado Ebbing,8 Green Parkway,2704136,4,6,2357,2310
Towny Pallaske,158 Becker Place,864467,3,6,1130,2123
Barney Andrez,27073 Golf Course Drive,2594601,6,7,2925,941
Friederike Heephy,664 Glendale Trail,541616,4,4,2853,3123
Tessy Dubery,4 Hollow Ridge Place,337533,7,1,2282,1541
Starlin Marklund,2 Mariners Cove Circle,516601,6,2,225,3277
Bertina Ronayne,5 Carpenter Park,2937639,2,8,3030,1829
Stoddard Bolin,9 Fremont Crossing,647687,5,4,788,2718
Vanny Watman,0894 Fairfield Alley,2341255,1,2,609,4333
Anissa Yerbury,4 Hoffman Parkway,1613207,0,6,872,2414
Ganny Murtimer,5286 Esch Circle,1305889,3,1,2064,363
Fielding Arnott,2 David Road,3090516,3,4,2221,726
Selig Bosanko,89 Gulseth Parkway,2471432,4,2,2896,3050
Koo Ezzle,927 Merry Trail,2201781,4,4,1103,642
Lilyan Joberne,46377 Anthes Avenue,663354,1,2,1033,2829
Ronnie Trueman,4 Riverside Terrace,1799859,6,3,1599,496
Wendie Patters,24068 Schlimgen Terrace,2515426,1,5,869,862
Denise Andress,8 Katie Road,2093540,0,4,466,3074
Oriana Livock,7361 Mallard Way,2491299,5,2,827,3994
Lorelle Nitti,5117 Banding Way,1712316,1,3,1100,3871
Paule Segeswoeth,07415 Eliot Lane,1899579,8,3,1904,474
Tomas Humphery,48795 Mosinee Trail,595161,5,0,2615,3899
Goddard Drysdale,03985 Porter Court,2019250,4,2,2215,2758
Ettie Pavier,591 Daystar Trail,2760400,8,6,2945,4409
Delinda Hubbock,0758 Burrows Lane,1147027,7,2,526,1238
Karry Ferrillio,31 Warrior Park,2429425,5,6,2065,4896
Caterina Mateos,94320 Harbort Trail,656445,6,0,652,2938
Wandis Dust,957 Maywood Parkway,1712764,2,4,3043,3046
Konrad Sparkwell,6 Golf View Parkway,1383506,1,3,3344,659
Faustine Matz,937 Kinsman Park,2465303,5,3,289,4915
Raf Pauncefoot,3399 Mcbride Parkway,3047435,2,7,2503,2378
Devon Claque,70 Lunder Alley,763467,7,2,2111,4819
Trev Burfoot,61581 Scott Plaza,1010125,5,6,1554,3659
Crichton McIan,75764 Brentwood Parkway,308532,0,7,153,654
Mei Bourtoumieux,42 Tennyson Center,357268,1,1,3242,2227
Sargent Keyse,61505 Ronald Regan Trail,2284373,3,3,2536,2757
Kit Gidney,34 Graceland Center,1696729,1,2,116,4300
Clemmy Blunt,044 Armistice Terrace,1261702,1,6,528,653
Cesaro Radden,37 Russell Drive,2218506,8,3,1288,4177
Madelon Stanlike,4927 Atwood Alley,404184,8,3,1269,1601
Mella Sager,28983 Vahlen Way,2210116,1,4,2858,3389
Seumas Arniz,18 Scofield Court,2479539,3,8,1410,978
Irene Jindacek,2043 Jay Junction,2994760,6,2,3160,2754
Ermin Parker,13 Walton Plaza,2165818,4,5,3048,1832
Agathe Stobbs,27 Dorton Circle,3072235,0,2,2629,2153
Wenda Paal,7 Hanover Center,2945350,6,5,649,4747
Corry Ladbury,1003 Westerfield Circle,397084,4,3,584,1369
Alfonse Esposito,4133 Melrose Crossing,1582269,0,2,1365,2817
Alair McCahill,7100 Village Green Park,2023587,3,0,3365,1164
Celka Farndon,3 Eastwood Pass,1626304,1,3,2553,3937
Laurent Gisborne,53 Northridge Center,1120879,2,2,3337,3179
Feliza Emeney,090 Ludington Lane,2919866,5,2,3093,432
Myrna Line,052 Cottonwood Crossing,548636,6,2,654,4855
Laurene O' Mullan,9487 Elka Road,1157868,5,8,2103,915
Jozef Cormack,64 Melby Park,1465050,5,7,2733,3154
Pieter Snar,4056 Doe Crossing Point,1325364,7,3,3053,675
Latrina Bellino,2926 Corben Center,1762486,2,7,2469,4971
Ellene Popworth,8 Mandrake Junction,709968,3,0,1306,2829
Emanuel Kinworthy,1 Cody Road,2735692,4,4,3124,3521
Onida Lowdes,5 Erie Avenue,2707582,8,6,618,728
Waylin Godfery,5475 Trailsway Avenue,931130,7,6,567,1166
Niels Eldredge,795 East Alley,3083937,7,1,1312,1483
Jimmy Schaumann,61 Monument Terrace,2177689,1,1,195,1297
Nicola Fulun,872 Dennis Drive,2142210,4,8,2904,820
Brita Goldingay,7 Judy Place,1190047,4,7,2687,3683
Beret Kops,62 Birchwood Lane,2252246,6,0,89,2617
Petr Pagden,3 Lerdahl Center,698648,3,4,262,4596
Aland Cordel,0649 Tennyson Road,2622591,3,1,561,3828
Alair Mosco,5 Cherokee Hill,2243920,6,3,2456,1917
Leonerd Ardling,69 Prairieview Court,2803887,3,0,2397,4442
Welsh Plomer,86 Dahle Court,471334,4,6,2068,1207
Flo Checketts,0371 Delaware Junction,2048731,4,7,246,2028
Robenia McCloid,20874 Welch Trail,1657879,3,8,1200,1752
Dallas Brecknock,09 Packers Lane,2543178,7,4,999,4020
Lynnelle Ewbanche,476 Blackbird Plaza,2735581,0,1,1806,4410
Dottie Jinks,4 Arkansas Center,2207421,1,5,2554,4809
Svend Hanalan,27 Loftsgordon Alley,1779363,8,7,622,3825
Margalo Kenworthey,24968 Surrey Alley,673883,0,6,3326,2485
Devlen Riccio,3731 Sachtjen Parkway,1726999,3,7,2240,2117
Melli Midden,60 Macpherson Avenue,1983383,2,6,311,3388
Nicki Lademann,2 Florence Pass,876382,7,3,3134,1969
Amity Farloe,7 Forest Run Hill,3127113,7,6,1324,1694
Jordana Conachie,39340 Burrows Alley,996563,5,8,493,1251
Anni Mucklestone,593 Dorton Way,973883,8,3,2925,4643
Pail Willstrop,23 Bowman Terrace,2452324,6,6,1130,1663
Maribel McClintock,300 Kropf Way,1485832,8,6,2862,2145
Jeana Gravet,45119 Wayridge Terrace,1904754,5,4,2392,2899
Roxine Reilly,0 Surrey Court,1551651,6,6,129,2383
Jennica Salvatore,1 Butternut Place,3034073,0,2,2270,1770
Muffin Peirson,5994 Eastlawn Plaza,3046719,4,7,3199,2345
Lyell Dowding,5 Schurz Hill,2878264,8,7,2470,2859
Romona Peck,4 Birchwood Avenue,2757830,2,6,3336,953
Silvan Holstein,25 Montana Terrace,717505,0,2,2617,1372
Perice Dziwisz,1 West Lane,643225,0,7,856,4573
Galven Rodgier,91 Stephen Road,950247,8,6,2500,510
Bondie Sute,6 Dryden Pass,2914425,4,4,2472,1779
Bertina Bownass,5 Loomis Trail,3142225,1,7,1599,627
Aubert Croce,67321 Dawn Road,2094941,3,0,2678,499
Cortney Rofe,522 Clove Junction,884696,8,0,3211,1156
Juli Reicherz,3592 Loeprich Pass,1088409,0,8,1056,1844
Zacharias Alderman,76696 Butternut Crossing,2064267,4,3,1295,3459
Abagail Liver,806 Grover Parkway,1194292,5,6,1905,3231
Talia Runnett,5673 Karstens Lane,1314473,6,8,2664,2995
Junia Kedslie,1 Summer Ridge Park,2919738,3,6,2149,3365
Woodie Fynan,320 Jana Hill,1093061,0,1,2584,380
Dorothee Middlebrook,5836 Scott Lane,1918799,5,8,896,1216
Barby Halliwell,669 Meadow Vale Circle,599404,4,6,1406,2136
Audre Arling,002 Del Sol Plaza,1596678,8,3,2600,688
Dick Dowgill,919 Valley Edge Road,1788692,6,1,1854,1162
Leisha Goering,0115 Northland Park,2374141,1,8,2161,1819
Jameson Mowling,021 Sheridan Lane,231344,1,7,2513,3944
Cassie Stolze,6 Packers Alley,1722164,5,6,1710,2428
Hakeem Cuell,27972 Gerald Drive,1284222,1,1,105,1149
Goraud Martel,145 Dottie Road,2164563,8,8,2732,489
Andee Lourens,98 Namekagon Street,1216221,0,2,145,1719
Vittorio McGrirl,1 Fairview Hill,842347,5,8,3193,4856
Valera Parmley,89314 Stang Point,365406,1,3,1062,2358
Bale Dilland,64800 Washington Court,798605,8,1,1205,3410
Carlyn Gateland,21 Ridgeview Avenue,774116,7,2,1574,410
Jacqueline Grisdale,45193 Hansons Crossing,3018561,0,6,1341,1323
Whit Gaize,8 School Center,743477,0,8,257,2800
Robbie Cristofolini,788 Gulseth Park,880515,8,8,1004,1066
Dene Farrens,01086 Schurz Road,761200,1,3,859,3788
Hermann Karlolczak,66 Roth Parkway,243567,7,0,274,1425
Standford Cutler,6 Derek Plaza,933456,1,8,551,2223
Laverna Phalp,42530 Burning Wood Circle,2611521,3,1,1589,3472
Nicolette Honig,45627 Nova Lane,1707631,1,5,3003,2133
Elfrida Norcock,10975 Evergreen Court,1914569,7,7,1127,4675
Conway McLorinan,7 Maryland Hill,1208007,5,4,2712,1573
Saleem Drew-Clifton,898 Cordelia Junction,3085580,3,1,3402,3125
Gaspar Witcher,98605 Kipling Pass,217890,6,0,2123,3096
Kaleena Mathey,31 High Crossing Terrace,2479981,8,1,1022,2692
Lonnie Gounot,1 Basil Trail,3187481,1,7,2696,1688
Rozele Cusick,78 Gulseth Avenue,1417083,6,6,175,1634
Morganne Hawkslee,93 Sunfield Center,1899060,4,6,2034,4699
Brent Yesinin,0827 Bonner Drive,1057019,8,4,1476,2261
Clayson Roome,2854 Schurz Plaza,505449,2,6,2123,2486
Reena MacKibbon,894 Randy Junction,1961005,5,8,2728,2429
Rochella Sharrem,5 Hanover Point,1968412,3,4,1441,957
Agnese Kitney,46777 Beilfuss Way,2790490,4,8,2695,4829
Nikita Kundert,834 Charing Cross Alley,1968498,2,7,2274,2154
Morse Grasner,265 West Lane,2285918,1,7,1545,4161
Binni Valens-Smith,51813 Green Ridge Place,2198203,1,2,821,1388
Korey Dimmock,28 Annamark Circle,2314648,6,4,3269,2548
Lew Lacky,0854 Monica Circle,1341524,0,0,1550,4023
Sylas Schulken,198 Saint Paul Junction,2256283,5,1,506,4547
Celine Attack,565 Orin Park,1247286,3,5,1994,4529
Welbie Moryson,53075 Cambridge Court,2973708,6,2,33,1181
Orbadiah Follit,3120 Dayton Circle,720660,8,6,3132,4933
Lita McGrotty,3437 Cherokee Place,2095743,2,6,240,4979
Ortensia Goncaves,81271 Bluestem Way,1195523,8,4,3377,593
Stella Berndsen,2 Badeau Circle,1336439,8,0,3378,1712
Elonore Posse,4 High Crossing Center,748001,5,0,950,4680
Moyra Beumant,1574 Michigan Park,2073848,5,5,370,4982
Wenonah Coulter,0454 Everett Junction,2739891,8,3,2064,3276
Doug Galilee,5 Bobwhite Court,2716346,2,5,706,3207
Dionis Wallhead,9258 Loftsgordon Lane,310527,7,6,2923,3555
Theresita Rice,32721 Lawn Parkway,703569,0,8,1414,4218
Cheryl Painswick,899 Fairfield Plaza,1064298,0,4,98,2944
Xena Lownds,2 Jackson Way,780312,3,7,848,2396
Alejoa Wightman,73 Pierstorff Lane,1129762,3,4,2055,4645
Clarie Thurber,96 Forster Street,3080641,2,4,2758,994
Lorene Britee,9 Quincy Road,2502083,8,8,2332,3500
Tobias Jeanequin,3 Lyons Way,480654,4,3,142,1909
Brandy Kochel,47 Mitchell Drive,434897,6,4,1790,3780
Bronny Sturges,3072 Briar Crest Hill,3195471,2,6,772,3669
Valdemar Olekhov,29564 Walton Parkway,1210269,8,8,2188,534
Jori Nyssen,9350 Waywood Street,518196,3,8,1007,1208
Eadie Whiting,6 Birchwood Pass,2503773,6,3,144,1360
Aura Mandry,78 Scott Terrace,1481029,1,6,2349,1812
Oliver Ruzic,26 Quincy Lane,3198925,1,3,344,1742
Niki Prettejohns,22 Walton Plaza,736265,1,6,2813,2555
Timoteo Varvell,92 Garrison Street,347054,7,8,1511,1328
Rhianon Robrose,8 Stang Hill,1001487,8,0,1910,4352
Hatty Jellman,34963 Washington Parkway,2704469,6,0,384,3034
Worden Shills,74673 Moland Way,3152481,6,1,824,756
Staford Tipper,8122 Southridge Lane,2473933,7,8,2835,1974
Nelly Madden,5476 Crest Line Avenue,3088015,5,7,1952,3573
Mildred Grisdale,3 Arizona Circle,2735195,1,3,853,4725
Rozalie Guiet,372 Northridge Hill,660259,5,6,3256,1194
Rad Suerz,716 Muir Circle,1212394,8,6,1708,3483
Meier Redon,530 Goodland Park,269442,0,3,103,1912
Hobie Ateggart,8 Division Point,2131923,2,1,1164,2021
Niels Yukhnev,245 Sommers Court,778547,4,5,1111,4936
Haleigh Booton,56257 Morning Avenue,2083070,4,8,2986,2761
Claribel Barton,359 Monterey Court,1486859,8,8,3290,4984
Mickey Itzhak,800 Meadow Vale Plaza,2022813,8,2,803,982
Gratia Aust,721 Spaight Court,1030763,3,8,885,4956
Marysa Bancroft,29 Golf Alley,282056,6,0,3174,676
Ase Heindrick,9427 Rutledge Plaza,1717579,0,8,2100,4322
Arte Locke,908 Vermont Circle,1809192,1,7,2516,3551
Estrellita Colvie,572 Coleman Plaza,1623928,6,2,2275,1005
Mira Yokelman,0540 Monica Pass,1611657,1,6,1875,2978
Shae Bastiman,02 Washington Terrace,1178144,4,5,1267,2296
Nathanial Gunner,23328 Derek Road,1114363,2,8,1031,3123
Bonny McQuaid,2 Hoard Junction,1520846,0,2,1696,3830
Sollie Speariett,9 Pleasure Drive,3165848,6,0,698,4260
Lesly Bahia,7120 Meadow Ridge Lane,843919,4,6,2604,2722
Abigale Warwicker,176 Pine View Center,1943727,1,2,3245,2552
Shurlocke Lamcken,95164 Carpenter Court,1608077,4,3,450,1263
Franchot Coy,3914 Morningstar Hill,2348358,3,0,715,1321
Winny Semour,85543 Marquette Pass,1419534,3,1,1636,4920
Juli Vyvyan,1987 Norway Maple Drive,1396687,5,2,977,4914
Starlin Newitt,685 Myrtle Place,643501,2,1,2703,1696
Iseabal Greenhough,072 Milwaukee Crossing,1588516,8,4,917,2416
Horatio Heads,3 Starling Terrace,389255,3,6,1305,1112
Diana Bramsom,9 Texas Way,771408,3,4,543,1529
Tiphany Howison,895 Schurz Alley,354152,1,6,1503,1155
Arielle Collcutt,0 Thierer Hill,2826019,7,0,1723,4614
Fran Witling,3 Bowman Crossing,2939310,4,1,670,3568
Randa Lehmann,81 Sachtjen Place,1698868,4,7,2537,2898
Kizzee Gehrts,2442 Nova Place,2075997,8,8,2287,4792
Berti Neiland,43 Rigney Way,1693081,2,6,2954,3781
Alvan Kingerby,15984 Bluejay Avenue,2931813,5,5,183,806
Kalil Bynert,020 Caliangt Hill,438478,5,7,90,3963
Elysee Blaney,15337 Delladonna Place,2225094,7,5,1184,3025
Chandra Whitlam,0 Erie Lane,2084603,0,3,1208,505
Belicia Oppy,1 Jackson Avenue,2918788,1,1,1555,1937
Millicent Boyall,87 Pepper Wood Lane,2857764,7,4,1332,4398
Georgeanne Currell,0 Continental Lane,2066159,8,2,3300,4868
Waneta Durante,664 Barby Point,804299,7,0,2320,2995
Pat Benton,05725 Saint Paul Hill,1876866,5,6,2990,1547
Sheilakathryn Skipperbottom,6804 Melrose Point,500839,1,8,2683,3098
Erhard Ganter,61569 New Castle Drive,667374,1,6,2012,2497
Edlin Fiske,8926 Gulseth Avenue,1423978,0,2,3273,767
Rudy Sales,88708 Dawn Terrace,1158478,0,6,652,4290
Steve Jacquot,276 Cody Circle,2357347,4,7,208,2027
Marcela M'Quharg,04 Forest Dale Drive,1228210,2,3,2728,3737
Harriot Gatman,1 Westridge Crossing,2920321,8,1,2032,3074
Pauletta Sawforde,2 Maple Way,1331108,3,4,779,4703
Roland Banyard,992 Morning Parkway,502620,4,3,1924,3863
Woodrow Anderton,5533 Golf Way,1150199,7,6,2517,4426
Lorettalorna Balasin,5987 Lake View Street,2451751,5,5,3148,885
Aidan Prestland,9 Chive Park,2449051,8,0,1602,2333
Petronille Yitzhakov,3557 Hallows Circle,3189726,4,3,1400,1599
Ewart Seyers,7333 Corry Parkway,902425,7,4,2390,4823
Yorker Sketh,0 Truax Crossing,1140385,1,6,2812,2639
Bertram Wadge,6359 Buell Center,2221553,5,0,1243,4435
Sophie Sebrook,2436 Northview Alley,1704654,1,7,1004,1733
Odette Simione,08693 Glendale Plaza,2873805,8,4,633,2748
Arlen Grosvenor,21 Rigney Terrace,2157461,5,0,562,4238
Jeffrey Larder,710 Sundown Point,2709000,8,2,1799,940
Carmel Heinsius,61 Spaight Plaza,1353489,1,7,2576,2506
Reynolds Wellbeloved,51283 Norway Maple Hill,1205733,8,7,1680,3481
Kane Littrell,98 Mesta Way,1138082,1,1,1128,2867
Franni Eymer,50529 Jenifer Court,322440,4,8,3279,4460
Pavla Witsey,201 Spohn Street,2853105,7,7,876,2634
Avram Laverack,7 Upham Trail,446713,5,2,3188,1818
Teodorico Benstead,862 Hoard Street,1548212,8,3,1795,4266
Price Winspar,85145 Spenser Court,1557039,8,5,1392,2491
Moll Gilstin,15 New Castle Way,2240301,7,8,2089,451
Cosme Coslitt,0 Farmco Parkway,1357226,6,2,1161,2223
Dix Tearle,306 Emmet Center,3126684,6,0,2200,1102
Aharon Butson,5541 Paget Hill,2179535,8,5,3287,1132
Julianne Rennles,1795 Stuart Drive,1519262,1,1,1731,381
Retha Tarply,5562 Magdeline Plaza,891193,2,7,2045,690
Marlo Canner,99094 Farmco Park,2175018,2,7,92,1515
Lyssa Cawtheray,930 Shopko Road,1648710,3,1,590,1188
Antonella Linacre,5 International Circle,717750,3,0,1917,1693
Lauren Giovani,09505 Troy Center,2491475,6,1,2246,4766
Diane-marie Savidge,87 Alpine Lane,2349111,0,5,586,4068
Albertina Lowell,98 Pankratz Avenue,2179205,7,2,208,4794
Ezechiel Bignall,43 Northview Court,1765542,8,8,991,3837
Dayle Atley,845 Loeprich Avenue,2486983,3,4,3076,2403
Franky Le Claire,7 Heath Street,2869404,6,3,2150,3890
Ophelia Fawcus,1 Vernon Pass,2262225,6,6,2734,366
Freeland Gerwood,25 Esch Junction,2681545,1,6,1173,2127
Augustine Chaffin,3 Londonderry Terrace,2370305,2,6,1706,4437
Sherwin Pedrollo,62 Atwood Way,1585077,6,1,2623,958
Genovera Claye,4738 Mosinee Center,436156,2,1,858,527
Sheffield Buxy,11787 Knutson Place,1049901,0,2,2612,642
Lammond Swyn,0317 Melrose Circle,346320,7,4,1255,3133
Jehu Duchesne,03412 Northridge Circle,1824817,4,7,2401,4720
Beatrice Langrick,7426 Magdeline Parkway,2702407,0,8,3099,1869
Virginia Speariett,2 American Ash Street,2485064,5,1,2997,3988
Rickie Shapera,856 Knutson Place,693922,2,4,1343,3678
Otho Ambrois,3110 Quincy Plaza,1486021,0,0,1287,3749
Anitra Duchant,7 Huxley Parkway,816497,1,4,785,2221
Karlyn Hedney,972 Clyde Gallagher Terrace,478717,0,3,1268,3999
Briant Keasley,076 Bay Terrace,1069258,2,1,2554,1739
Olenka Paschek,912 Hollow Ridge Crossing,990748,2,4,868,4754
Nelle De Minico,89636 Katie Pass,2967031,1,4,80,2296
Chelsea Gagen,8 Forest Run Hill,1290051,2,0,183,1265
Jennie Coushe,546 Blaine Court,3130227,5,0,100,3470
Curt Sevitt,331 Norway Maple Avenue,2350527,3,4,3421,3297
Shannen Klausen,1 Oneill Road,1258087,4,7,683,2188
Raimund Roddam,3136 Dawn Avenue,2404581,4,4,1485,3835
Jennine Simm,782 Beilfuss Lane,2777754,1,5,2889,2058
Kristina Vanyukhin,17 Stuart Court,2636607,1,1,480,501
Aldric McKall,92128 Village Green Center,664325,0,7,1083,2873
Ewell Regus,0801 Buhler Crossing,231124,0,7,1801,428
Latisha Grim,62199 Kingsford Crossing,2853905,0,6,2827,4101
Berta Dearness,1991 8th Terrace,749568,7,7,763,2153
Orin Selliman,86375 Mendota Park,2680119,2,6,88,3681
Katinka Petticrow,948 Macpherson Trail,1749455,0,8,878,3911
Tod Titchmarsh,19 Holmberg Drive,1973870,1,0,3266,3678
Inesita Crocetto,7168 Transport Parkway,2014404,1,2,2057,3426
Rudyard Bohea,2 Petterle Court,2640988,5,4,1238,1462
Elberta Wimlet,4753 Arizona Hill,2278303,0,7,3068,2582
Peter Maass,25201 Victoria Junction,3004280,6,3,1977,3544
Leone Jaycock,07557 Melvin Park,2674859,7,7,1292,1816
Ulla Scottrell,8949 Stuart Street,2501978,8,7,969,1329
Drusy Dutson,50 Anthes Trail,1681214,5,2,3309,3160
Salaidh Breyt,95 Swallow Park,3069678,3,0,3420,3918
Red Whatsize,23 2nd Alley,850671,3,2,3250,599
Hewitt Jaquet,95888 Thierer Lane,2628255,6,7,317,2026
Stella Beadles,26732 Merrick Trail,3122579,6,7,1928,3470
Sheridan Kalker,4440 Magdeline Court,2214560,3,5,856,4860
Dewey Bleckly,055 Ramsey Way,1189223,0,3,307,3830
Agace Eick,691 Tennessee Junction,331129,7,5,1022,4136
Mayer Ainsbury,62 Miller Hill,1203606,4,4,86,2501
Kelbee Hitter,83004 Blaine Place,2688716,3,3,2693,4255
Riordan Lauthian,49925 Bartelt Alley,1420939,3,4,1949,2449
Calvin Mulvagh,6 Oak Valley Center,2934149,6,6,1230,656
Oneida Milmo,06328 Buhler Road,2375413,5,3,817,3422
Talyah Frid,0 Schiller Road,2882055,1,7,2143,3639
Joceline Longforth,46987 Novick Crossing,1936077,7,3,614,3917
Arty Farfolomeev,9 Sauthoff Court,2818244,0,7,1743,671
Greggory McKenny,80 Parkside Park,1689503,0,4,1526,4525
Benoit Golly,34256 Debs Alley,567300,8,8,2872,1691
Shermie Stribbling,1865 Riverside Avenue,1782405,7,4,817,889
Bertrand Magarrell,65 Mcbride Center,3163211,8,5,1245,3535
Marys Haylands,7667 Corry Court,1998467,8,1,2859,4093
Cobb Arghent,4907 Anderson Point,2897344,8,0,3028,3566
Kevyn Fellman,7829 Hintze Hill,2124900,2,8,713,3982
Chaddy Caberas,2 Onsgard Way,1774974,3,4,1353,543
Nellie Croal,46 Huxley Street,2920578,3,3,2395,1567
Katuscha Iron,264 School Alley,1127310,7,5,2554,719
Margette O'Murtagh,72 Iowa Road,589886,7,0,1415,2606
Osmund Osbiston,69758 Fieldstone Parkway,2528525,2,5,2882,1056
Rebekkah Nesterov,97 Dovetail Alley,565602,8,7,3214,2080
Esme Savege,7963 Meadow Valley Trail,1491356,1,0,534,2993
Bren Nutter,05 Di Loreto Terrace,873645,6,7,2518,3704
Brocky Howton,25558 Hooker Pass,1466197,7,6,2758,1622
Isacco Ashe,103 Independence Pass,2313968,5,0,759,384
Mikel Heare,7391 Dovetail Parkway,1482544,4,2,2756,1894
Vaughan Goldsworthy,4568 Sugar Plaza,3084876,1,7,800,705
Velma Simnor,631 Farwell Parkway,1605921,1,3,1463,3773
Ewen Illesley,5 Havey Avenue,2523435,6,6,1140,1192
Nicolea Blaszczynski,1 Carioca Plaza,1355288,8,8,739,1845
Quintus Heinl,32974 Thierer Avenue,2750115,6,5,1005,2502
Phyllida Rasper,537 Pine View Terrace,2123054,4,7,2921,443
Vyky Ketts,7183 School Parkway,2053554,7,8,2962,2212
Serene Plascott,28 Birchwood Junction,565542,1,5,2875,736
Nicol Gorner,2 Redwing Parkway,2020294,4,8,1170,1255
Yolanthe Annon,9092 Butterfield Junction,2525052,0,1,2790,4631
Dionysus Strettle,20553 Ridgeview Point,3018252,0,0,2070,3342
Meggie Roache,0224 Clyde Gallagher Terrace,1813381,7,8,3006,4519
Ronica Chardin,9 Continental Avenue,3156252,5,6,479,4684
Saxe Summerly,9 Prairieview Junction,576500,7,5,373,2994
Obadiah Bernadot,47698 Hoard Alley,1182771,2,7,3122,4478
Jeni Antonin,4728 Westerfield Court,863248,1,4,2057,4906
Mario Reilingen,63216 Ilene Drive,2271543,4,8,2884,4009
Gonzalo Otter,79378 Barnett Trail,2682135,0,1,2810,2740
Murvyn Dockerty,5 Bobwhite Place,2057722,6,7,2927,3944
Milton Klimowski,16 Rigney Terrace,1741814,5,0,142,4050
Debbi Farra,08998 Dorton Point,2046651,4,8,1771,3953
Doralin Hurler,07492 Becker Drive,2836347,4,2,2512,919
Hildegaard Langelay,8 Monument Alley,2749751,5,6,424,1294
Caryl De Biaggi,366 Bunker Hill Center,2504744,3,2,1962,3559
Ronny Tathacott,34098 3rd Drive,1591890,6,5,2333,1723
Maura McLachlan,614 Ridge Oak Court,214805,6,2,874,4390
Marietta Crisford,21883 Sullivan Alley,1856664,5,3,667,1051
Cam De Wolfe,862 Hanover Crossing,2907105,7,2,438,3014
Nial Brokenshaw,9194 Arkansas Street,1492647,3,4,587,866
Allen Peterkin,29 Dennis Way,1018335,2,5,797,3122
Reeta Wands,88085 Jenifer Point,695022,8,1,2807,2372
Aurthur Maydwell,39 East Hill,825441,6,6,426,1498
Tim Corp,56544 Rockefeller Plaza,2080489,2,3,2591,3032
Reade Martinets,0 Saint Paul Point,2559298,7,5,110,469
Cooper Cogdell,62 Heffernan Circle,2366042,8,8,2973,3859
Clarissa Ivanitsa,1949 Schurz Center,1858533,0,4,3283,4536
Issie Gidney,6 Valley Edge Court,1047781,3,4,507,2658
Kathy Biles,132 Main Avenue,2099950,3,6,2256,2383
Batsheva Morgue,9 Merchant Alley,1188017,2,6,3307,3732
Rycca Targetter,0984 Moose Plaza,1645103,1,4,2151,3445
Billi Gash,12368 Ohio Alley,605353,5,8,1413,3628
Beniamino D'Aguanno,1523 Village Road,1404674,3,0,1016,4403
Lek Brodeur,23272 Sunnyside Avenue,2875071,4,5,393,488
Stephan Bordone,0 Starling Park,1452390,2,2,29,4623
Norine Durran,679 Garrison Place,932966,7,4,1480,3692
Leonore Mabbitt,22 Hollow Ridge Drive,804535,4,4,1422,3297
Corrinne Otton,55 Harper Circle,2889884,5,5,2757,2044
Leroy Tertre,2 Fairfield Crossing,2988271,2,8,3035,2658
Bel Walling,25604 Buhler Park,2814494,7,4,1055,2533
Roxi Gotfrey,7603 Oak Valley Parkway,1420701,2,5,2729,1480
Granger Donnell,8611 Vermont Park,2937710,6,3,1327,931
Rockey Bliven,7 Old Gate Parkway,2144349,3,6,2037,4378
Alis Justham,6 Prairieview Way,1959289,2,5,46,3373
Dorian Portman,8194 Barnett Alley,513882,3,8,2753,4423
Rossie Niesing,3 Cambridge Park,463962,7,4,2591,1378
Mollee Groomebridge,4165 Oakridge Hill,2726032,4,0,1509,729
Felix Dorrins,0 Rusk Trail,353295,2,1,2804,2009
Elonore Friend,77 Rigney Pass,1354994,0,1,1453,353
Marvin Tilt,1843 Arizona Drive,2292206,1,5,1269,3280
Donnell Margrett,3 Di Loreto Road,442192,4,2,893,4116
Laryssa Dybell,6181 Delaware Hill,1468668,7,5,204,2003
Don Swannick,4587 Veith Drive,1010536,4,1,2399,1840
Amandie Kamen,3 Clyde Gallagher Plaza,2305397,1,5,1230,2671
Terrye Leil,23 Sachs Point,1078037,8,7,2436,4659
Bran Halfacre,513 Katie Crossing,2920416,4,6,1868,4166
Hailee Ruter,347 Paget Road,1589920,5,2,2270,3317
Niki Liepina,60 Messerschmidt Hill,1539174,5,8,65,4225
Cooper Wiseman,5 Dunning Terrace,3023998,6,0,480,2832
Tera Janodet,3340 Victoria Center,1599906,1,5,775,2986
Hyatt Martensen,1 Farmco Street,316607,2,0,3204,3212
Saul Deem,43 Gale Way,1157368,7,4,3091,997
Gerri Watt,7 Gale Crossing,2393083,1,0,2465,1863
Christophorus Cowmeadow,4706 Tennyson Point,3022683,8,0,216,4487
Mal Haydn,1668 Westend Hill,387339,5,6,2534,1471
Aeriell Livesay,825 Springs Trail,2611811,4,3,1979,3117
Yovonnda McCulley,25630 Lawn Pass,2016552,6,1,418,2215
Georgi Kilgrew,4 Morrow Road,1004455,2,5,1159,4100
Audrie Dracey,347 Northland Hill,1981966,0,3,2767,4600
Bondie Weekes,2 Cordelia Center,479241,5,4,298,4108
Averell Albers,557 Veith Point,729594,7,6,3311,1591
Edee Chantillon,41673 Manitowish Court,332062,7,3,190,1027
Cory Martinyuk,88357 Merrick Street,921082,3,0,868,573
Lucho Trude,0705 Golf View Circle,1258897,8,5,1928,382
Selestina Mazzeo,1357 Jenna Hill,2990010,4,8,2960,3072
Karolina Broad,9 Eagle Crest Drive,1834715,1,4,3319,583
Beatriz Littrick,13736 Garrison Circle,1012725,4,8,1564,4056
Amalita Peasegood,25056 Dexter Hill,2770356,8,5,1448,4225
Blanca Puckrin,549 Hazelcrest Center,612469,1,8,3037,2964
Bettina Ollivier,13115 Towne Trail,1832966,1,7,246,4391
Valentia Oboy,2 Monument Drive,724106,6,2,2226,3463
Curt Toller,26 Upham Pass,1585799,5,7,609,2723
Dolorita Emsden,89 Judy Pass,2183198,1,3,2172,3207
Jose Steljes,36445 Schiller Way,928443,5,6,1701,2025
Clementius Spaughton,25 Aberg Place,2338282,4,7,3007,1018
Ezechiel Bleything,910 Shelley Place,2301708,1,2,837,4325
Olivero Questier,84 Steensland Pass,750568,4,0,2602,2065
Cleopatra O'Cannon,0518 Melby Parkway,2118251,7,2,2161,683
Perren Simak,7924 South Place,2756953,3,5,2648,4854
Gamaliel Waiting,46779 Tony Circle,3143686,2,8,58,2228
Griff Ioselev,8823 Leroy Trail,2306652,8,2,773,4213
Almeria Ivatts,9 Roth Circle,2079150,7,3,1391,1995
Florella Costelloe,8163 Shopko Drive,1767914,1,5,2519,3840
Myrah Jenik,99835 Logan Pass,1313050,3,3,134,3188
Lilly Lilliman,42028 Fairview Plaza,1777710,1,1,1487,2713
Kassia Swanger,922 Logan Way,3038091,6,6,216,498
Sarah Davidoff,1565 Westend Circle,1573005,1,7,2958,4670
Burr Semkins,775 Beilfuss Crossing,2574069,8,4,2695,2440
Benedict Farnall,53587 Delladonna Parkway,603241,2,4,769,4453
Elliot Perry,76573 Jay Parkway,1467223,2,5,1649,1638
Francene Andreacci,7186 Bellgrove Court,490072,8,0,964,2695
Rickie Kinmond,9 Debs Crossing,1884367,2,5,356,2715
Sheree Girardi,236 Grayhawk Plaza,2689746,1,2,618,1514
Rock Huckabe,90 Pawling Place,1609496,2,5,3215,1038
Nanny Magor,932 Brickson Park Crossing,922987,4,2,1052,1616
Cookie Kleynermans,97 Helena Place,1041586,1,8,2910,1632
Zita Parkeson,6 Summer Ridge Lane,856758,0,8,2627,4067
Anabelle Lampkin,4 Eliot Drive,657237,1,3,2213,2677
Wynnie Fossitt,82146 Londonderry Lane,2474151,3,6,2604,4729
Bea Algar,135 Hanson Hill,531880,2,2,2012,3262
Kerrill Gindghill,8 High Crossing Road,3161361,3,2,2761,1058
Celia Bollins,231 Manufacturers Circle,644817,5,5,481,3993
Denys Hatchett,24 Luster Crossing,645790,0,7,2512,4236
Gertie Libbe,1027 Washington Plaza,779851,7,4,3050,3919
Andromache Cunnow,7217 Tomscot Junction,2675500,0,6,1215,3849
Gusty Headech,6 7th Trail,1002007,3,7,533,4087
Demeter Tompkinson,20785 Forest Parkway,3164126,5,8,3374,2908
Dimitry Sodo,81487 Dapin Street,1843854,6,2,1973,3749
Jackie Klulicek,5 Harbort Street,975309,7,5,264,4884
Christabel Cleverly,5002 Orin Street,1608442,0,0,1058,1447
Dulce Jobb,13718 Prairieview Terrace,2258367,2,1,409,1932
Atalanta Pettisall,450 Bobwhite Point,2226918,8,6,144,4842
Modestia Dickons,2074 Hanson Alley,1113023,0,8,1910,2569
Pierson Sparshott,5 Dawn Trail,1051636,5,1,2581,1484
Nickolai Faires,053 Arkansas Lane,2454051,4,2,2251,3261
Geordie Lorriman,26444 Utah Park,1273499,1,3,2919,1897
Johan Jeune,43 Bunting Junction,1226494,3,3,516,1348
Ilene Pelz,7365 Evergreen Center,1387013,6,8,2384,4781
Sophia Sparshutt,57 Grim Terrace,2904714,8,6,2754,2757
Niki Licari,731 Golf View Avenue,2595933,1,3,73,1286
Lorene Raisher,3541 3rd Road,1199103,3,2,140,1596
Abba McGinn,8 Hoepker Alley,2192915,7,6,744,4727
Harbert Mussared,456 Eagan Crossing,660661,0,6,460,4202
Gwenny Player,1893 Duke Junction,2578323,0,4,442,4487
Kathryne Hardaway,83972 Springview Place,2443600,1,3,11,2380
Becky Charlson,5 Calypso Drive,1716862,3,1,2617,2277
Kalie Goosey,7109 Londonderry Way,2027001,1,1,1005,2663
Thacher Bason,66 2nd Way,2058391,3,8,1230,2904
Aldric Brimicombe,0 Prairieview Place,2052025,3,1,2270,2940
Annalise Burgen,970 Sachs Junction,2900935,8,7,1025,3050
Sadella Scallon,6339 7th Plaza,430642,6,2,1412,1790
Yvette Ganforth,8777 Blue Bill Park Plaza,1489890,6,1,2269,2394
Ernesto Janatka,2 Erie Parkway,3097085,6,5,3390,1136
Elka Domnin,62893 Manitowish Junction,1799143,4,7,594,1127
Jeannine Toten,39 Fallview Point,2356017,2,7,415,4085
Dalt Braid,102 Springs Center,2758281,2,4,111,3023
Melisande Olexa,3 Susan Drive,2387216,1,5,2452,3648
Mufinella Hynd,90538 Meadow Vale Trail,258514,4,6,3035,1229
Clarine Edworthie,11286 Anniversary Plaza,1932767,2,8,2566,1489
Carry Passo,5 Menomonie Junction,1485687,0,6,527,3515
Skippie Ferrone,6464 Harbort Plaza,2489346,6,7,2786,2284
Rivkah Pracy,0510 Fisk Hill,2633378,6,3,2729,4243
Winthrop Hamberstone,656 Canary Circle,807844,8,0,1047,2855
Monah Edney,64168 Rigney Junction,2106329,2,4,2695,4526
Arielle Himpson,7339 Melrose Junction,672363,5,0,1307,606
Urban Baudi,1 Emmet Pass,866956,8,0,2991,1328
Justinn Hunday,5 Miller Lane,559263,5,1,3235,4409
Efren Stringfellow,33833 Ruskin Trail,1008617,1,2,923,1323
Shauna Windows,9609 Summerview Lane,2181693,8,6,1719,3238
Nanine Coyne,13893 Jenifer Street,1117195,3,4,2547,1676
Mariele Mateus,49816 Clyde Gallagher Street,2846404,2,7,267,2987
Nanice Ludye,5577 Crest Line Hill,1518531,8,8,1848,1754
Kassey Castagnasso,6 Lunder Park,1617339,4,4,350,1532
Sheff Attwood,88128 Northport Park,1885867,3,5,3362,1934
Minni Olivari,4 Buena Vista Street,272018,1,5,2927,2691
Elva Stileman,03 Hollow Ridge Avenue,2762768,8,7,3068,2620
Netta Ashelford,493 Vera Point,1938523,6,5,1763,435
Hewet Shewery,3064 American Court,414406,6,6,63,4892
Moll Behnke,241 Sage Court,620474,3,8,856,4998
Glynis O'Duggan,802 Old Gate Park,1061171,4,4,123,4626
Nikos Krzysztof,6 Mandrake Lane,2241273,2,2,2949,3772
Burt Cuddy,51598 Granby Place,424132,4,1,1487,3800
Bernarr Davson,23 Sommers Alley,2879383,1,8,2096,3051
Janette Bathurst,571 Bartillon Crossing,942097,2,3,3014,2022
Keelby Andrasch,5915 Vidon Plaza,2723699,0,1,489,3875
Lauraine Buntin,60005 Warbler Alley,3183456,7,6,685,3543
Marcellus Klagge,797 Gale Circle,1062763,3,3,311,2511
Kathleen Garratty,6 Dayton Road,320571,3,5,1898,1265
Culver Duesberry,76 Merrick Street,1249937,0,0,1717,3065
Sancho Mattusevich,6348 Roxbury Point,1430327,4,2,1317,3576
Jess Lyptrit,91 Mccormick Alley,1137064,8,0,3107,734
Budd Hendriksen,32 Becker Circle,1738928,6,8,3209,931
Heinrick Sare,30230 Summit Hill,1541386,2,3,1461,4201
Nana Partlett,7875 Redwing Junction,2456951,0,8,2752,4182
Heida de la Valette Parisot,6801 Ridgeway Plaza,348381,5,6,2573,3060
Cedric Corter,90916 Kings Pass,2340808,0,2,1767,3210
Prinz McEntagart,2840 Pennsylvania Drive,2585872,1,1,96,1563
Erda Skamell,0 Cody Plaza,1474119,8,7,1622,1566
Meris Blanket,3838 American Junction,3104961,1,3,2348,1777
Amelia Douglass,652 Dahle Parkway,237446,6,7,751,1580
Hermann Gollop,52 Raven Park,1386636,4,6,2141,2774
Kerwinn Chesters,8 Bluestem Lane,235920,2,7,1462,1801
Sharity Stout,30 Morning Crossing,1340427,6,7,2655,358
Raimundo Alchin,9 Pankratz Junction,2868426,7,2,2964,2926
Shaylyn Tace,3479 Roxbury Lane,1691911,6,3,2528,4636
Decca Furze,86340 Autumn Leaf Center,505061,8,5,2851,2683
Dar Hawke,3 Scoville Parkway,1458637,8,8,944,2210
Ivie Bowering,5 Lotheville Alley,2388900,4,6,2364,2238
Manuel Spon,04707 Logan Pass,1123024,0,8,2436,4987
Willi Garken,76291 Hooker Alley,2960536,0,5,2285,2406
Bailie Nuscha,009 Bobwhite Point,3086031,5,1,780,3984
Shandee Rainsden,54400 Longview Point,1788443,8,4,2959,394
Lindie Orehead,89587 Menomonie Lane,3180427,1,2,359,3330
Tremayne Napoleon,092 Old Gate Crossing,2817517,1,3,635,2706
Edik Le Page,3 Norway Maple Crossing,1838859,5,3,1641,1482
Brew Habbeshaw,7251 Coolidge Point,2748575,2,6,1714,3183
Enrika Cope,1788 Express Plaza,2505088,8,0,3084,2338
Ursulina Redfern,7665 Briar Crest Lane,2592592,3,2,1801,493
Avivah Glossop,6 Mallory Street,2409061,0,5,1268,3008
Gustaf Urion,9 Glendale Circle,2827443,5,2,1745,3600
Elene Coye,19417 Westport Court,1041434,6,0,2376,4538
Briano de Aguirre,5 Truax Road,1348801,2,6,1625,3366
Pasquale Redmayne,7 Dovetail Court,2054800,1,6,709,1940
Dulsea Hancill,11 Alpine Road,2094253,6,4,2376,4215
Pate Videneev,82060 Towne Road,2099630,7,3,1211,2957
Carney Helstrip,29213 Forest Run Court,455999,6,1,598,4707
Adriaens Kenshole,85 Truax Terrace,3102895,3,2,1579,659
Rawley Gellan,13 Petterle Place,474641,5,8,973,2135
Legra Wyllcock,3 Spohn Trail,1872877,5,6,1955,4530
Anestassia Puckett,27784 Mallard Trail,2727590,7,3,2680,1712
Ashlie Menichelli,9 Nevada Lane,1463488,2,2,284,2519
Karil Heardman,585 Fulton Court,400195,8,7,1704,3661
Annadiane Parrin,00 Thompson Point,776554,3,0,668,3490
Dougie Bruckmann,66 Fairfield Way,1695680,3,0,315,1198
Tobi Madrell,55270 Barby Street,828193,6,7,1681,3368
Freddie Costerd,38760 Hollow Ridge Place,3006884,2,1,2385,3197
Coleman Clitheroe,079 Hanover Court,578342,5,1,847,2784
Vernice Culverhouse,317 Meadow Valley Road,2301980,5,6,873,3225
Fraze Screeton,0 Briar Crest Parkway,2920705,7,0,915,4517
Kareem Grouer,58582 Orin Street,1936221,2,1,1459,2558
Mead Matchitt,249 Upham Park,1224027,4,5,3271,3668
Ciel Form,1207 Gulseth Terrace,1833696,5,6,384,823
Catrina Pittem,78 Roxbury Park,1741787,3,8,644,874
Grover Ramel,90 Graceland Avenue,950135,1,2,1574,672
Elladine Dewes,91296 Leroy Road,2178799,7,7,2074,3507
Stacy Lafferty,82655 Bay Way,1380064,0,1,2868,3543
Kristal Fullalove,8965 Bunker Hill Way,3188151,3,3,1615,2753
Sindee Bradburn,5146 Menomonie Way,923788,2,8,2302,863
Allina Stickel,0 Mendota Street,735715,1,6,1272,1817
Orran Pennycock,762 Mallory Road,3111304,3,8,2667,3624
Cherish Wyard,388 Huxley Place,3125307,1,4,2395,4330
Chico Withams,95 Vidon Parkway,1809562,5,1,3405,1500
Anette Edgworth,7 David Junction,1595797,7,0,1995,1448
Gerrie Wimms,790 Dwight Street,601303,0,2,1647,2061
Elisha Rawlin,71 Forest Run Park,702293,7,0,3416,4903
Tailor Maceur,18580 Heath Hill,583327,3,7,2525,941
Ginger Bristowe,3 Scoville Avenue,760063,1,5,520,2287
Ode Wasylkiewicz,752 Cody Pass,3130011,5,4,2076,3316
Ham Wickersley,82138 Fremont Park,1173506,8,8,157,1886
Ketty Skeat,1513 Macpherson Alley,995748,0,4,2790,3232
Orsola Newrick,97 Norway Maple Pass,3139659,8,7,464,1370
Clark Coneybeare,2 Truax Road,550706,0,2,3015,1908
Shellysheldon Rosengren,284 Debra Drive,2609622,3,6,1600,4559
Gisela De Bruin,002 Ilene Trail,1368867,4,5,793,3671
Heath Eldershaw,54 Grim Center,1390255,7,6,2001,950
Gussie Esposita,372 Merrick Alley,1742031,2,5,1063,715
Garnette Kunat,17661 Artisan Crossing,3049019,1,1,1738,4246
Thalia Dillinton,5 Corben Junction,1812653,5,4,1356,2430
Jonathon Kerrich,35 Lakewood Park,1576754,8,5,1385,4851
Pansy Knightly,8452 Sunfield Crossing,777400,1,2,2434,4026
Leia Dunderdale,17324 Dayton Avenue,3152499,7,5,2766,4822
Franky Rapley,191 Vernon Street,431320,4,8,1374,4300
Rick Ondrousek,22012 Forest Run Crossing,858396,6,6,2676,3270
Carol Dolbey,9 Oak Valley Trail,2710664,6,8,1276,1129
Katee Wybourne,12 Browning Lane,1009845,8,4,1719,4731
Callean Trasler,04215 Eagle Crest Alley,836594,5,1,815,2983
Mathe Keddey,4 Harper Trail,2871624,7,6,1840,1308
Catina Matiewe,46859 Calypso Terrace,710007,7,6,2641,4641
Darnell Tall,5454 Shopko Lane,1475316,8,6,1556,3217
Karol McGeffen,04076 Arapahoe Lane,781272,5,6,140,815
Bee Hollow,8 Schlimgen Alley,675883,1,3,197,3653
Byron Di Giacomettino,4755 Tony Street,2145734,8,1,796,730
Northrup Yewman,968 Roxbury Junction,1755436,3,5,2240,494
Arline Scouse,9 Badeau Trail,2014779,8,1,3066,2642
Inna Mahoney,77705 Veith Avenue,1380747,1,7,1832,851
Priscella Bishop,167 Sunbrook Road,1024014,5,8,2823,2921
Elfrieda Loughlan,5185 Brentwood Parkway,1613983,4,1,491,3200
Connie Elks,97150 Holmberg Terrace,1673687,5,1,182,739
Glory Deakan,2 Pierstorff Point,754815,7,6,1401,4176
Aprilette Rosenstock,85603 Corry Drive,334373,1,0,2001,3610
Selestina Nesbeth,28936 Towne Pass,1947465,1,1,259,1581
Babb Hrachovec,77707 Mccormick Park,2965821,0,1,1520,2751
Hermia Cromar,303 Butternut Plaza,2380617,1,5,2759,1416
Lindsey Tallowin,153 Sloan Lane,941174,8,5,2146,4966
Cynthy Armer,908 Rieder Plaza,906732,4,6,2303,2872
Timothea Flight,269 Lindbergh Parkway,2997475,8,0,755,2880
Lorna Peltz,82538 Hauk Parkway,2121641,4,8,3267,2929
Averill Ventum,802 Bayside Terrace,1537514,6,8,296,1866
Tremain MacFall,82732 Delladonna Terrace,2761545,8,8,101,4942
Agace Janicek,8 Orin Lane,1122800,1,0,1721,2354
Glennis Liddyard,83 Bashford Crossing,624995,5,5,1551,1465
Jocelyne Ramsden,44477 Clarendon Drive,1904662,2,5,433,3705
Percival Arnaudon,64 Johnson Terrace,1252014,2,3,169,4772
Jeremiah Iddens,6903 Stoughton Avenue,3025641,3,0,551,3244
Antonino Greenham,21546 American Ash Parkway,250759,5,0,2420,640
Erda McCrainor,4 Surrey Street,1392801,8,8,176,3985
Markos Verrill,40124 Corben Parkway,1426095,6,0,2399,413
Phil Overshott,9233 Reindahl Circle,1223657,3,6,2126,1436
Chris Bartolomeu,9 Monica Street,3050411,6,4,2225,2664
Merna Tatterton,5547 Eastwood Crossing,1384607,1,2,1502,2146
Rickie Crone,0266 Lakewood Gardens Point,3116075,1,5,3087,2790
Ailey Featherstone,833 Garrison Parkway,812277,5,4,1467,3002
Edmon Knocker,807 Jenifer Junction,1716116,7,0,2790,2653
Yancey Kuhlen,5135 Mccormick Pass,2087219,5,2,917,4322
Enrika Dalliwater,1 Holmberg Junction,960551,3,0,311,4807
Robinia Bulfield,95068 Roxbury Place,785498,4,4,3163,2918
Anica Cathel,4816 Heffernan Way,1841865,8,2,2567,715
Burgess Featherstone,78933 Del Mar Center,1445433,0,0,3228,3976
Renato Heindrich,73 Pankratz Place,3132085,1,2,499,4762
Ardeen Collcott,5591 Veith Trail,2039691,8,5,3020,1856
Reese Mays,4 Packers Center,431881,7,8,1231,3992
Katlin Geertz,1 Moland Court,2695864,5,5,2042,2804
Meara McIlroy,3736 6th Road,1045647,3,4,2332,3093
Melli Mourge,03479 Packers Drive,382522,3,8,1104,1992
Clyve Shah,95641 Stephen Road,2988973,0,7,965,4975
Salem McLaine,28 Thackeray Park,1650032,4,5,2611,3179
Faythe Standring,323 Graceland Trail,2370571,0,3,3300,884
Lennie Flaxman,9 Nelson Court,2244618,5,6,2285,1155
Erma Neilson,73005 Oxford Park,925982,3,0,3372,4796
Bernhard Lanphier,39 Grayhawk Alley,2267135,1,0,791,3077
Allayne Sallowaye,949 Erie Hill,2103299,2,6,1369,359
Eartha Ketteridge,1512 Hintze Way,684253,3,1,2707,2588
Jabez Picopp,91558 Everett Point,753030,3,4,1735,811
Maiga Rosewarne,56 Sloan Lane,1125247,2,3,2522,1559
Hilarius Westnage,8 Sunnyside Parkway,3143769,3,7,1325,4425
Corinne Seeds,5 Schmedeman Park,1618432,8,3,2801,4892
Hamilton Bold,3 Grayhawk Trail,214730,4,8,1606,2727
Jacquenette Tarren,14165 Anhalt Place,2472190,2,7,1316,2297
Ethe Kunkel,0 Myrtle Road,589020,7,5,434,1893
Carlos Bentke,91 Hintze Crossing,1115129,6,8,1514,1028
Oralle Sneezum,3926 Sugar Hill,273257,8,1,3399,3782
Friederike Larmor,9380 La Follette Street,1766864,7,4,60,3980
Norrie Sterke,25 Browning Court,2793776,7,7,573,1546
Herculie Gallimore,8 Morrow Street,1804640,7,8,1191,686
Caspar Bowry,08075 Wayridge Trail,3037906,5,7,2961,2317
Janka Siegertsz,92754 Carey Circle,2765189,2,1,1823,4045
Dacy Brittlebank,8 Paget Point,777129,7,6,2393,1116
Brittne Knocker,978 Oxford Street,895786,4,8,245,843
Scarlett Evison,45878 Dexter Point,1269845,1,0,1691,798
Billie Weiner,4 Corscot Circle,962840,6,2,2380,1031
Noll Duley,9856 Killdeer Hill,749399,3,4,66,4186
Gwennie Fearnyhough,697 Oak Valley Parkway,1619711,0,1,866,1904
Betsy Currer,8 Warrior Center,2643816,2,5,1251,2512
Vanna Piers,362 Sutteridge Plaza,627985,5,8,2826,1459
Ferris Bellord,9115 Claremont Trail,1346423,8,0,1702,1235
Shela Bautiste,9 Morningstar Pass,3152334,0,1,3388,2397
Yettie Conyard,08678 Manley Way,2032010,1,7,3178,3285
Andie Farney,3 Ridgeway Point,3022853,2,2,3213,1463
Greer Slatcher,459 Holy Cross Plaza,692186,8,2,2754,3201
Aimil McCue,8812 Hayes Place,2253535,1,7,2779,3918
Clemmy Rosenkranc,5 Mockingbird Road,694341,0,0,2791,3380
Gilemette Pound,6821 Judy Terrace,1019668,6,8,471,4704
Sydney Antcliff,8641 Canary Drive,2680918,5,2,2091,1369
Darby Sperski,6 Browning Avenue,2494354,5,4,2883,2816
Ellette Tredinnick,9981 Tennyson Point,2611581,3,0,344,3092
Leonelle Sowley,659 Manufacturers Place,1757914,0,6,1635,450
Tuesday Collisson,2 Mesta Trail,2356912,8,6,2417,4059
Julietta Aldham,27 Larry Junction,2468273,5,3,606,3760
Dermot Cadlock,54 Moland Center,1930819,4,8,2986,2324
Quillan Walrond,52 Nelson Place,2192858,3,3,2666,3031
Kaela Bumpus,52866 Northview Park,2431418,7,1,2350,1012
Oswell Galvin,06 Bayside Hill,284594,3,2,3350,4960
Norton St. Quintin,27 Brickson Park Way,1092246,3,7,2050,2382
Merry Wiltshear,612 Rigney Point,1993220,4,7,923,1987
Denice Chippindall,80 2nd Alley,543598,2,3,1142,594
Alonso Galtone,29672 Bellgrove Court,2132331,8,2,792,2161
Chev Willoway,03 Springs Pass,2027465,1,2,2935,2014
Nyssa Joppich,4837 Tomscot Trail,2296263,5,4,2888,2305
Billie Reford,1 Dapin Alley,2359766,1,6,2994,2759
Sergent Marryatt,7907 Kingsford Lane,1531537,1,6,3047,985
Mechelle Silbert,19884 Rieder Alley,647823,2,8,2338,2618
Billie Kubicka,57 Heath Road,265009,6,1,1693,4156
Roland Button,5 Summer Ridge Plaza,1142970,4,3,2525,4616
Lenora Addionisio,48 Rusk Lane,717631,0,0,835,3090
Leon Duffill,2 Melrose Terrace,659469,3,7,2778,4278
Elinore Matejovsky,3668 Northridge Center,338297,5,2,2438,2343
Galvan Leneve,5 Steensland Hill,2341039,5,5,674,455
Betty Karadzas,8815 Kings Park,2521133,3,2,2435,4486
Rebe Crookall,36 Heffernan Place,2193081,4,6,460,2506
Faustine Romushkin,15321 Spohn Terrace,1400600,4,5,3299,918
Honor Whyberd,2 Division Junction,1390618,1,2,3422,1425
Angeline Fyndon,1516 Prentice Trail,1271163,2,1,570,1136
Janeva Emma,96 Loftsgordon Parkway,1812371,0,6,2969,1632
Clare Eastcourt,238 Forest Junction,2408510,7,5,288,1830
Selina Sherewood,2694 Barby Circle,2316504,7,8,3126,4908
Gray Monkman,5 Dunning Junction,2747656,2,3,1356,4338
Addie Gravett,24246 Gerald Lane,1296144,1,2,3006,2045
Brice Loddon,83843 North Crossing,2637578,2,5,1856,428
Halette Dutnell,6174 Anniversary Way,3089294,7,7,2265,3243
Liva Hackleton,0 Vernon Hill,2871447,1,6,1504,2823
Hobey Robinet,37 Beilfuss Plaza,390687,3,8,3221,3142
Ingemar Corro,437 Talmadge Avenue,331790,5,6,2681,1586
Batsheva Fairweather,6 Shoshone Hill,1521568,8,6,1786,4812
Templeton Alsop,0682 Duke Lane,2626187,0,1,3355,4079
Gui Di Ruggero,5 Arrowood Place,1756297,7,2,1945,675
Celka Audry,90 Evergreen Center,2607693,1,0,1125,3205
Maureene Benditt,04 Alpine Drive,3151574,7,5,1453,4964
Madel Dixon,3900 Moulton Place,1786940,3,4,1184,1651
Burton Bellee,2317 Forster Park,2488306,7,5,1047,956
Dwain Osipenko,6061 Jackson Circle,3154381,2,7,2057,1849
Bunnie Folini,628 Clarendon Center,708538,5,4,305,2704
Early Glewe,59816 Lunder Way,1318720,2,3,739,3127
Alexandro Byne,4294 Center Road,2791511,7,4,190,2201
Josee Laudham,79 Bellgrove Court,916546,7,4,670,4615
Rozelle Midson,15 Swallow Hill,1894389,8,4,1258,3169
Tamma De Cristoforo,72542 Graedel Street,2536720,4,8,2427,1310
Mile Reinmar,2541 Jenna Center,650214,3,4,1051,3186
Freeman Gniewosz,6637 Fairview Trail,835423,8,6,1706,1529
Stacy Chartres,745 Knutson Pass,1581680,7,1,21,4688
Eartha Hurdle,5799 Troy Road,258284,1,8,3128,4398
Hayward Kilfedder,94196 Huxley Plaza,709000,6,4,2480,2401
Simonne Livard,39181 Sauthoff Crossing,555309,1,7,688,3571
Nydia Durkin,04 Carberry Center,2525641,5,6,1607,1445
Ichabod Wooffitt,53938 Bluejay Pass,1901771,7,5,120,1426
Florence Stafford,70 Roth Point,1442878,6,0,3119,1062
Merell Daftor,3420 Commercial Plaza,2408015,3,5,839,721
Loni Shire,33639 Garrison Alley,1974489,1,2,2085,2277
Brendin Schusterl,334 Katie Street,2192091,7,1,1156,822
Mitch Litchfield,635 Reindahl Crossing,2637515,3,6,2649,3835
Tobit Spoward,0664 Merrick Street,2285049,7,3,2330,2858
Andrea Orteu,94807 Harper Park,1519902,1,7,381,624
Elianore Degg,9548 Arkansas Point,827437,5,8,647,1947
Lincoln Vossing,6208 Veith Place,640815,7,4,0,620
Sergei Minillo,132 Di Loreto Drive,2933331,4,5,2809,1332
Thorpe Feathersby,96 Stoughton Circle,2535818,5,1,3289,3824
Cecelia Lobe,4 Farmco Junction,2170129,3,4,1454,2413
Joel Mac,6696 Summer Ridge Road,719916,1,1,696,4249
Dallas Lomb,562 Brown Parkway,418197,8,1,1377,998
Ranna Dittson,7 Melody Point,2617101,5,7,3206,848
Ninon Guiu,56 Summer Ridge Hill,1690928,5,6,848,3438
Nickola Mattschas,78 Fulton Crossing,927371,6,7,87,2855
Cecilius Padillo,8 Arkansas Pass,3038462,8,4,383,1762
Lainey Caen,9 David Park,1946230,5,3,722,3509
Roarke Harflete,23 Spaight Point,2561004,1,4,1766,1241
Talbot Devonshire,02 Aberg Way,2990843,6,6,953,2263
Tatiana Valsler,08247 Saint Paul Terrace,3104875,6,8,3065,2278
Tiffi Whitaker,91335 Katie Junction,3177090,7,4,1663,2394
Dayle Prescot,25 Fulton Pass,1524225,3,0,1384,3300
Neille Heighton,0 Judy Way,2659643,8,4,1509,2766
Kevon Kacheler,1515 Jay Parkway,629862,5,4,1113,4467
Peirce Weekland,1954 Susan Point,957989,4,2,2448,2826
Eddi Gerry,60482 Vera Crossing,881081,6,3,945,2933
Concordia Lethebridge,0168 Autumn Leaf Trail,560421,6,0,1427,2774
Deanne Gudger,41236 Buhler Pass,436125,2,5,2444,885
Ddene Bedbrough,768 Stoughton Lane,1163185,2,0,1295,1633
Trefor Porter,60 Spaight Center,1440644,5,8,1484,4603
Franny Coalbran,135 Eggendart Pass,2938616,1,4,1446,3043
Kerstin Bedell,040 1st Parkway,2781327,3,0,1449,2001
Vittoria Yakovitch,2979 Bashford Park,2704712,1,7,1512,2971
Myrle Fogel,9 Knutson Hill,1254151,8,4,230,2097
Ingeborg Gockelen,3270 Boyd Point,1430028,7,4,2591,1519
Sawyere Garred,27 Del Sol Trail,2716916,1,1,2919,2846
Wayland Blevin,33048 La Follette Terrace,260880,6,5,1630,2789
Mose Handrahan,1164 Maple Parkway,2650213,0,2,1347,4011
Rina Milligan,469 7th Junction,2092521,6,3,1515,1838
Helga Cops,88 Mendota Pass,2136958,1,1,1255,4287
Dody Hearn,808 Cody Court,1318724,3,3,2126,1006
Sarene Glasper,37373 Evergreen Circle,2194591,2,8,2956,4764
Theodora Le Franc,8 Quincy Avenue,2821285,5,8,381,1291
Renie Willgoss,54131 Columbus Hill,2873899,4,7,2635,2541
Alon Dank,8 Bowman Road,264848,1,7,342,3211
Pattie Dudin,1 Annamark Pass,2975831,2,0,945,1193
Aylmer Marvell,94 Buhler Street,2520672,5,2,2803,2099
Annemarie Mingus,45 Starling Alley,424169,2,5,2316,2747
George Dwyer,2080 Lakewood Drive,2367454,8,7,3395,2624
Vanya Pinckstone,8025 Mallory Plaza,1846177,1,4,513,1615
Analise Nardoni,585 Declaration Alley,857778,8,5,1972,2153
Francklyn Wrotham,422 Sullivan Parkway,422468,1,2,943,1214
Ronna Bettam,1358 Fisk Way,2683083,2,2,1449,2934
Rafi Tolchard,4214 Porter Avenue,2091183,2,1,2327,3037
Eddy Lincey,5 Southridge Court,1056308,5,3,1531,4768
Sharline Lawrinson,26237 Buell Place,1648384,1,2,106,3086
Roby Scotchmur,4985 Magdeline Way,2446627,1,7,520,1324
Dev Harlock,40853 Fieldstone Hill,2127419,2,1,3100,1657
Alfonso Keniwell,435 International Terrace,656359,5,4,1315,2023
Ainslee Lamberti,32945 International Pass,1940827,0,6,2804,3474
Clem Corbould,97 Mosinee Avenue,519710,3,7,2578,4720
Velma Beaconsall,43566 Heath Center,2784302,5,3,319,4107
Bree Clack,36 Corry Road,1869417,1,1,2783,4716
Leanna Bampkin,5577 Magdeline Alley,936414,5,7,2946,4893
Gweneth Sambells,788 Coolidge Way,2275671,0,2,1181,4603
Freddy Cadle,7 Merrick Center,1446887,5,8,369,1190
Milzie Mellish,08 Debs Crossing,579259,6,6,2423,4224
Samaria O'Caine,89230 Packers Crossing,2284626,2,1,2221,2568
Rosette Shilling,05271 Columbus Circle,3057791,8,3,3162,898
Brigitte Landor,921 Duke Terrace,2022039,5,6,1431,1193
Cullen Breakwell,61 Bunker Hill Road,628042,2,8,1118,3571
Granthem Gladwell,35123 Raven Park,781239,6,1,1902,4965
Godwin Bradick,0 Dottie Circle,612400,7,2,1899,413
Barr Labin,18284 Buhler Park,585139,3,5,440,3570
Amalee Jozwiak,3 Arrowood Parkway,2924090,6,6,675,4222
Lucian Goburn,5 Farragut Pass,2081274,5,1,787,4584
Heinrick Girodier,2128 Columbus Trail,565972,0,7,282,1832
Candra Donnan,7823 Canary Pass,1973877,0,3,1404,522
Ramonda Scotchbrook,653 Dovetail Park,3134521,4,3,1200,821
Rahal Goodlud,49869 Texas Junction,2676085,1,4,2273,2307
Tim Juggins,8324 Scoville Parkway,1647372,7,3,2311,4309
Kylie Cohrs,73331 Merchant Plaza,2968572,1,8,101,2341
Marigold Sergant,299 Coleman Circle,465735,3,8,747,894
Patten Espine,167 4th Point,363458,7,5,2788,2750
Dix Iacobetto,97 Vernon Pass,809177,1,5,2901,3552
Lanie Runciman,7 Delladonna Center,466230,1,3,2443,4677
Ema Assandri,630 Logan Pass,1466262,8,5,974,2891
Kriste Grishakin,0 Sachs Avenue,1566071,1,2,589,3597
Gillian Gethen,2 Badeau Court,808825,3,3,1392,1925
Natalya Leivers,42 Schlimgen Road,2255094,6,2,601,2108
Ron Bridgman,795 Bashford Pass,2225578,7,0,292,3767
Marina Redmain,743 Atwood Terrace,2734420,6,5,3143,3631
Maurie Godfery,7603 Bashford Junction,674792,7,2,2489,3225
Daveen Fiorentino,04090 Coleman Park,3185961,7,8,1136,2630
Benjie McCrisken,39963 Corry Way,2260475,5,3,2611,4785
Saundra Whitehead,8135 Cherokee Place,1202947,3,6,2792,3169
Albina Olanda,404 Canary Place,2326203,6,4,1282,2437
Orton Worsom,12 Hanover Road,323471,1,3,2664,3663
Elka Clinkard,5 Scoville Plaza,3056977,7,5,1140,2333
Jemmie Rilton,439 Division Plaza,1311467,6,8,2579,445
Elga Ahrens,30681 Meadow Valley Court,1833797,0,5,589,2757
Mack Aurelius,4021 Sugar Road,297527,7,2,1311,2712
Emanuel Patrick,2293 Hagan Pass,3174717,1,4,459,1213
Ricki Hindenberger,3250 Weeping Birch Parkway,2560219,1,2,3374,1736
Patience Orpen,50663 Declaration Trail,516826,3,5,2478,3355
Daria Menloe,93970 Paget Court,958635,5,3,349,3618
Raimondo Starrs,1 Sutherland Plaza,2543727,2,5,276,701
Josiah Boscott,95500 Schiller Avenue,2208184,0,0,197,2412
Sven Hayfield,32 Roxbury Place,1533576,4,4,1786,4829
Pepi Stirgess,202 Hallows Junction,1139426,4,0,1610,1763
Beryle Biskup,16858 Michigan Pass,1687390,8,4,1279,4510
Nathalia Brandone,078 Del Sol Junction,1537801,8,5,1293,3208
Dani Bunny,947 Walton Point,2230630,6,0,1212,2175
Gwenny Rodliff,931 Claremont Circle,1788426,7,5,3242,719
Lynea de Nore,05970 American Street,1547422,0,5,1243,3530
Tammie Coogan,82 Bayside Way,766020,1,2,1909,1383
Yevette Vittle,239 Union Hill,3033564,0,2,772,2599
Omero Elverston,911 Ramsey Alley,1971934,5,3,611,503
Sibeal Heaffey,34 Hooker Court,1843620,5,2,985,3176
Horatia Mably,011 Golf Course Crossing,2014776,4,3,664,3712
Stanford Dannell,1551 Village Green Avenue,2433319,3,6,2066,625
Lona Merredy,8 Hayes Center,2007014,6,0,2639,4580
Sallee Sheeran,733 Memorial Junction,1727133,2,2,1361,2464
Nerta Spurnier,36402 Bellgrove Center,877656,0,2,3397,667
Upton D'Aulby,16 Ramsey Court,1339884,4,1,2101,2182
Connor Randalson,3606 Bonner Pass,394835,3,0,3315,4096
Micheline Brou,00 Twin Pines Street,1512968,5,1,3372,3867
Kerrin Lound,74732 Sundown Park,266286,5,4,1212,653
Linzy Isson,89829 Troy Way,1621833,7,4,567,2670
Maurits Halse,619 Eggendart Way,3102651,5,8,1207,4267
Gordan Longhorn,25 High Crossing Park,969655,5,5,1984,4179
Abdul Bouzan,249 Spohn Junction,2966868,3,5,3023,2288
Saw Lendon,8157 Warner Center,259878,0,2,579,3007
Gaylord Yakubowicz,0616 Jenifer Place,677917,1,4,234,3107
Amity Proughten,8310 Butternut Hill,1502190,6,2,2289,565
Enriqueta Dunlea,171 Autumn Leaf Way,641458,7,2,2264,4379
Alva Nisbith,91813 Jay Pass,1468824,3,5,936,1367
Johan Brecknall,97 Porter Lane,1116819,8,5,2810,4747
Jaynell Mattocks,6410 Darwin Avenue,3156908,6,2,2985,1621
Martguerita Labb,317 Sloan Way,1093159,4,6,738,1308
Phebe Harkes,471 Talisman Lane,2358446,6,0,2500,2392
Egbert Reside,25359 Cordelia Lane,2945837,2,4,1858,1611
Fraser Kleinhandler,607 Lakewood Street,440963,7,0,779,819
Jinny Ainscow,30 Pine View Plaza,2414394,2,7,383,2639
Udall Lanigan,50036 Springs Junction,216905,7,7,1307,2531
Elroy Jauncey,74293 Maryland Crossing,1191830,7,3,171,3477
Libbi Letixier,22 Schiller Parkway,1676811,6,6,1150,4195