name,address,city,province,zip,country,listing_price,num_of_bathroom,num_of_bedroom,num_of_view,size
Cati Frantz,07515 Lien Avenue,Maple Ridge,BC,F4F 8W1,Canada,1943946,4,3,1031,3580
Irwin Cheake,5111 Esker Road,Richmond,BC,K1U 8N5,Canada,2500942,7,7,541,1056
Chloette Hagger,1599 Hanson Court,Maple Ridge,BC,C2Q 6V9,Canada,1955028,1,8,646,3039
Pier Hothersall,8269 Southridge Crossing,Langley,BC,U1O 3P4,Canada,1824512,8,7,925,4435
Vito Drayton,6 Morningstar Alley,Nanaimo,BC,Q1K 5X9,Canada,770357,3,7,2205,4324
Lionel Petric,2 Sullivan Hill,Victoria,BC,L3R 3W6,Canada,597966,5,6,282,3172
Kerby Andrichuk,81 Blue Bill Park Road,Vancouver,BC,G6N 5I1,Canada,765829,6,1,610,653
Brig Dakin,68507 Ridgeview Plaza,Prince George,BC,A0Z 6C4,Canada,1562549,8,8,731,996
Bryn Forryan,4 Hovde Avenue,Chilliwack,BC,L3X 6L5,Canada,297246,1,0,2931,1775
Zuzana Vescovo,3344 Clarendon Terrace,Maple Ridge,BC,P6W 6W1,Canada,1448133,0,1,402,3076
Tate Kinnane,20 Vernon Road,New Westminster,BC,X4L 3Q3,Canada,1036196,6,0,128,1538
Bernarr Barabich,7 Jenna Junction,Langley,BC,H4R 4W7,Canada,2963139,1,5,2616,1074
Drucy Saurin,8530 Calypso Street,Richmond,BC,V5U 4N8,Canada,258642,2,5,3369,2990
Phylis Heasman,27 Debs Hill,Maple Ridge,BC,S0V 3W1,Canada,1725218,4,0,2790,3405
Brita Mildenhall,35 Namekagon Road,Langley,BC,L1P 3S1,Canada,648815,5,0,1784,548
Dennet Aronov,977 Bobwhite Hill,Abbotsford,BC,U0C 2P5,Canada,2709423,8,3,1001,2679
Nichols Tregaskis,3630 Spenser Lane,Kamloops,BC,H8E 4X5,Canada,1401071,1,0,1784,783
Yale Durtnal,35 Hermina Junction,Victoria,BC,W8O 5Q3,Canada,1859863,7,8,1168,1124
Lorne Logesdale,1846 Fairview Way,Vancouver,BC,I2A 6L0,Canada,377072,7,5,2012,3798
Esma Teasell,39060 Bobwhite Plaza,Kelowna,BC,O3O 2D0,Canada,1595382,0,7,546,3615
Marjorie Eloy,7119 Sachtjen Plaza,Richmond,BC,S5Q 1A4,Canada,1011988,5,7,3013,3369
Bunny Lampet,4 Ridgeview Point,Vancouver,BC,P7M 6I8,Canada,1168976,2,1,3371,4850
Daron Elston,018 Lyons Park,Vernon,BC,N4U 0F3,Canada,2059893,4,3,1989,728
Algernon Vickarman,75782 Loeprich Trail,Kelowna,BC,H0F 6M6,Canada,1454337,7,3,1282,2551
Jeannie O'Fallone,2 Forest Run Drive,Richmond,BC,H1T 5O7,Canada,1986665,2,5,2573,2620
Rinaldo Bacchus,642 Hoffman Trail,Richmond,BC,A2R 5E9,Canada,1342805,6,1,3171,4635
Fidelia Wardlaw,538 Bluejay Road,Langley,BC,A6G 4S1,Canada,501178,0,1,690,744
Francisca Bartoli,99009 Bluejay Drive,Vernon,BC,B8J 4J4,Canada,2690934,4,5,716,1113
Hilton Krolle,19 Toban Court,New Westminster,BC,B1Q 3F8,Canada,296424,2,1,1038,3306
Jacquelynn Cowdrey,901 Jay Trail,New Westminster,BC,S2C 4O9,Canada,2620282,6,4,2051,1066
Westbrook Greer,697 Westport Court,New Westminster,BC,J5R 7V7,Canada,2835263,1,8,3042,3315
Lucky McCafferky,78263 Shasta Street,Burnaby,BC,M6O 6D7,Canada,1670676,0,2,2938,1162
Boyce Corless,98689 Morning Park,Kamloops,BC,Z7A 4K1,Canada,2982314,4,0,262,4206
Leo Illesley,97207 Burrows Crossing,Abbotsford,BC,Y5B 9D6,Canada,1728560,8,7,146,1885
Barby Bugge,338 Pawling Alley,New Westminster,BC,T2O 3X2,Canada,636157,7,1,3257,2232
Dorice MacCague,8733 Colorado Plaza,Kamloops,BC,I6L 2Q1,Canada,2109825,7,4,2279,3389
Taber Channer,8 Canary Avenue,Kamloops,BC,D4O 3M7,Canada,881100,7,4,3298,1868
Bobbe Munday,7 Logan Lane,New Westminster,BC,A1U 1V1,Canada,267337,2,2,343,1782
Fraser Dagnall,5 Quincy Avenue,Langley,BC,O8O 3O9,Canada,2978546,8,6,2829,4879
Elke Blaxton,9 Village Green Avenue,Vernon,BC,F2D 0K2,Canada,2890154,1,6,2712,606
Gaston Gadie,0916 East Street,Delta,BC,G9E 1D7,Canada,696217,2,0,1505,4383
Hilary Harnetty,51 Lunder Terrace,Kelowna,BC,T9D 9W7,Canada,1812849,3,1,729,419
Layton Trent,76342 Union Parkway,Vancouver,BC,P9J 8H6,Canada,1234304,0,8,944,783
Korney Senior,208 Rigney Park,Nanaimo,BC,A2L 8K6,Canada,1943435,2,0,2302,4684
Celene MacHostie,69984 Hoffman Junction,Kelowna,BC,C0K 6G6,Canada,348523,5,6,1593,3302
Jerrie Simmings,47 Bunker Hill Park,Vernon,BC,K4J 7A9,Canada,3093352,4,4,134,851
Gillie Rhys,8435 7th Alley,Kelowna,BC,N1L 4W6,Canada,1159583,3,4,431,2290
Sibelle Hunnisett,43 Cambridge Crossing,Richmond,BC,C5S 6Z1,Canada,808864,3,2,63,3902
Grant McCartan,23378 4th Point,Vancouver,BC,N6F 4N4,Canada,2377862,6,2,2106,3395
Florella Kinnett,29 Dennis Trail,Victoria,BC,A6V 5B9,Canada,1753225,1,6,1662,4944
Shandy Allaway,17216 Pond Crossing,Kelowna,BC,Z3E 9M9,Canada,767734,3,1,3182,431
Consalve Bison,3 Birchwood Circle,Chilliwack,BC,R6Q 7C2,Canada,2812980,0,0,2622,1119
Euphemia Girogetti,281 La Follette Street,Nanaimo,BC,J7Y 5N1,Canada,256661,3,0,2119,2769
Edyth Statter,8806 Haas Avenue,Maple Ridge,BC,A6L 0G2,Canada,1088594,4,7,1444,2900
Cheri Tollow,586 Trailsway Drive,Langley,BC,I5P 3P4,Canada,1802811,5,3,777,1286
Lidia Pentelo,19731 Lyons Point,Richmond,BC,B9X 1W1,Canada,1868312,8,8,751,3063
Turner McClinton,7493 Jackson Way,Vancouver,BC,D8Z 5S4,Canada,380698,1,5,1181,2352
Nobe Wixon,672 Debs Point,Maple Ridge,BC,T5L 7X8,Canada,1211480,1,1,3044,2147
Kelsey Wellbelove,22015 Wayridge Drive,Nanaimo,BC,Y5W 6X4,Canada,907238,8,4,1663,2469
Elston Vido,5 Carpenter Crossing,Kelowna,BC,H1B 2P6,Canada,1311386,6,1,3104,1507
Francesca Cains,774 Quincy Hill,Nanaimo,BC,Z4I 2K3,Canada,2951035,4,6,2187,4791
Pavlov Kenningham,2 Kings Alley,Delta,BC,E3T 6X2,Canada,283437,8,2,1686,1316
Corrie Brannigan,3044 Forest Court,Victoria,BC,Z3P 4I8,Canada,2240573,0,2,1854,4306
Jasmine Hammerich,614 Macpherson Point,Richmond,BC,J5M 3M2,Canada,2411502,3,1,1408,650
Noelle Brayson,56 Springview Alley,Kelowna,BC,S7B 3N8,Canada,463166,3,7,2384,4793
Clim Bramstom,88871 Sachs Road,Langley,BC,Y7V 5S8,Canada,1332474,0,4,1187,961
Wilek Hallagan,64 Artisan Circle,Kelowna,BC,B6I 3M7,Canada,1286542,8,1,308,684
Hector Castagna,42410 International Plaza,New Westminster,BC,S6G 8C6,Canada,1759401,8,8,1236,2193
Meara Mildner,568 Tony Alley,Victoria,BC,V4E 0H5,Canada,2988063,7,5,618,2865
Cleopatra Maxwell,1 Kennedy Hill,Prince George,BC,A5F 9S5,Canada,2198784,7,1,1007,1223
Galven Mycroft,4474 Northview Hill,Vernon,BC,P3U 0S3,Canada,1458387,3,1,2340,4887
Roxi Trevorrow,0180 Truax Road,Langley,BC,X8D 0J0,Canada,2420467,6,4,2833,2064
Roxine Isard,441 Weeping Birch Park,Vernon,BC,Y6K 4K1,Canada,490845,6,3,639,3936
Joseph MacPaike,65 Tomscot Street,Burnaby,BC,R4K 3C9,Canada,2508688,2,3,1770,2380
Lurlene Barden,9 Vahlen Drive,Kelowna,BC,L9E 7F3,Canada,1209868,2,3,3273,3468
Griffin Rickert,808 Hermina Circle,Richmond,BC,N0M 4U2,Canada,2161886,0,1,1323,2197
Cleo Dunnion,462 Cody Place,Chilliwack,BC,B2K 8N9,Canada,1612597,2,6,2135,4989
Bryn Jeffcoat,756 Bonner Circle,Richmond,BC,V5W 1V8,Canada,942129,1,2,2431,3366
Petronia Rodge,06818 Carberry Lane,New Westminster,BC,D5F 1K1,Canada,2983461,0,1,2356,2923
Amby Cottrill,31888 Bluejay Alley,Richmond,BC,F0T 4M8,Canada,1026426,1,3,2005,3830
Vikki Elham,264 Schlimgen Lane,Burnaby,BC,U3K 4H5,Canada,2694812,4,8,3226,3193
Katie Kollach,955 Bellgrove Center,Richmond,BC,U3C 5K6,Canada,2415254,7,4,2120,3916
Brandais Jeays,098 Arrowood Plaza,Delta,BC,D2W 3M5,Canada,2147114,2,1,2073,2437
Rena Puckring,57996 Badeau Hill,Delta,BC,I4Q 3N2,Canada,2918665,0,6,2223,3577
Dre Duiguid,45 Starling Lane,Surrey,BC,T1M 7Q4,Canada,2218640,8,8,2029,2510
Stanfield Sherringham,1 Donald Center,Coquitlam,BC,M4T 0I5,Canada,2084472,4,5,388,1335
Nickie Everiss,5965 Petterle Pass,Maple Ridge,BC,R1I 2Q9,Canada,1417232,6,3,237,3043
Melany Crippill,22 Melby Junction,Surrey,BC,B3J 6I4,Canada,572336,2,1,3349,2662
Nicki Killwick,80 Sachs Plaza,Vancouver,BC,P1B 6H9,Canada,462654,5,4,283,1033
Jinny Pecha,9 Packers Place,Coquitlam,BC,Y5W 2B2,Canada,937367,7,0,671,697
Consalve Goddert.sf,962 Parkside Pass,Vernon,BC,U2D 1U1,Canada,1198047,0,3,807,2594
Rhoda Platfoot,25658 Rockefeller Road,Chilliwack,BC,G5H 1C4,Canada,2670957,8,0,2369,1450
Renado Ebbing,8 Green Parkway,Abbotsford,BC,P4S 5Z2,Canada,2704136,4,6,2357,2310
Towny Pallaske,158 Becker Place,Vernon,BC,Q1N 4N2,Canada,864467,3,6,1130,2123
Barney Andrez,27073 Golf Course Drive,Delta,BC,H6B 0T5,Canada,2594601,6,7,2925,941
Friederike Heephy,664 Glendale Trail,Prince George,BC,N5G 6C0,Canada,541616,4,4,2853,3123
Tessy Dubery,4 Hollow Ridge Place,Vancouver,BC,F7Q 6T2,Canada,337533,7,1,2282,1541
Starlin Marklund,2 Mariners Cove Circle,Kamloops,BC,Y2F 8K3,Canada,516601,6,2,225,3277
Bertina Ronayne,5 Carpenter Park,Surrey,BC,E5S 3V6,Canada,2937639,2,8,3030,1829
Stoddard Bolin,9 Fremont Crossing,Victoria,BC,F3Z 3Q0,Canada,647687,5,4,788,2718
Vanny Watman,0894 Fairfield Alley,Richmond,BC,M7W 4Y7,Canada,2341255,1,2,609,4333
Anissa Yerbury,4 Hoffman Parkway,New Westminster,BC,P4X 4M2,Canada,1613207,0,6,872,2414
Ganny Murtimer,5286 Esch Circle,Kelowna,BC,N5O 5D0,Canada,1305889,3,1,2064,363
Fielding Arnott,2 David Road,Langley,BC,A8H 6G7,Canada,3090516,3,4,2221,726
Selig Bosanko,89 Gulseth Parkway,Vernon,BC,C1L 7B6,Canada,2471432,4,2,2896,3050
Koo Ezzle,927 Merry Trail,Langley,BC,H4U 6H4,Canada,2201781,4,4,1103,642
Lilyan Joberne,46377 Anthes Avenue,Delta,BC,Y5P 0E5,Canada,663354,1,2,1033,2829
Ronnie Trueman,4 Riverside Terrace,Richmond,BC,J9G 6Z6,Canada,1799859,6,3,1599,496
Wendie Patters,24068 Schlimgen Terrace,Victoria,BC,E9T 8H9,Canada,2515426,1,5,869,862
Denise Andress,8 Katie Road,Delta,BC,J5Q 1U8,Canada,2093540,0,4,466,3074
Oriana Livock,7361 Mallard Way,Chilliwack,BC,U4Z 2T3,Canada,2491299,5,2,827,3994
Lorelle Nitti,5117 Banding Way,Kamloops,BC,G4Q 7E1,Canada,1712316,1,3,1100,3871
Paule Segeswoeth,07415 Eliot Lane,Prince George,BC,L6U 1D9,Canada,1899579,8,3,1904,474
Tomas Humphery,48795 Mosinee Trail,Victoria,BC,C4T 7K1,Canada,595161,5,0,2615,3899
Goddard Drysdale,03985 Porter Court,Langley,BC,M7R 0V1,Canada,2019250,4,2,2215,2758
Ettie Pavier,591 Daystar Trail,Richmond,BC,A2M 3P7,Canada,2760400,8,6,2945,4409
Delinda Hubbock,0758 Burrows Lane,Victoria,BC,H1O 5N2,Canada,1147027,7,2,526,1238
Karry Ferrillio,31 Warrior Park,Abbotsford,BC,X0V 6R4,Canada,2429425,5,6,2065,4896
Caterina Mateos,94320 Harbort Trail,Burnaby,BC,L9P 9C5,Canada,656445,6,0,652,2938
Wandis Dust,957 Maywood Parkway,Vernon,BC,B3U 6Y8,Canada,1712764,2,4,3043,3046
Konrad Sparkwell,6 Golf View Parkway,Surrey,BC,N2F 7A3,Canada,1383506,1,3,3344,659
Faustine Matz,937 Kinsman Park,Abbotsford,BC,N5H 1C8,Canada,2465303,5,3,289,4915
Raf Pauncefoot,3399 Mcbride Parkway,Maple Ridge,BC,X9Z 5B2,Canada,3047435,2,7,2503,2378
Devon Claque,70 Lunder Alley,Nanaimo,BC,K1E 8V4,Canada,763467,7,2,2111,4819
Trev Burfoot,61581 Scott Plaza,Burnaby,BC,R5C 3S6,Canada,1010125,5,6,1554,3659
Crichton McIan,75764 Brentwood Parkway,New Westminster,BC,B4X 8Z9,Canada,308532,0,7,153,654
Mei Bourtoumieux,42 Tennyson Center,Kamloops,BC,P6P 9B3,Canada,357268,1,1,3242,2227
Sargent Keyse,61505 Ronald Regan Trail,Richmond,BC,C6G 8T8,Canada,2284373,3,3,2536,2757
Kit Gidney,34 Graceland Center,New Westminster,BC,D5O 8C4,Canada,1696729,1,2,116,4300
Clemmy Blunt,044 Armistice Terrace,New Westminster,BC,M2O 1O6,Canada,1261702,1,6,528,653
Cesaro Radden,37 Russell Drive,Surrey,BC,D5V 7R0,Canada,2218506,8,3,1288,4177
Madelon Stanlike,4927 Atwood Alley,Nanaimo,BC,Z4X 5I3,Canada,404184,8,3,1269,1601
Mella Sager,28983 Vahlen Way,Prince George,BC,Z7Q 2M9,Canada,2210116,1,4,2858,3389
Seumas Arniz,18 Scofield Court,Maple Ridge,BC,M0P 7T9,Canada,2479539,3,8,1410,978
Irene Jindacek,2043 Jay Junction,Nanaimo,BC,W6U 2C9,Canada,2994760,6,2,3160,2754
Ermin Parker,13 Walton Plaza,Vancouver,BC,T7K 4V0,Canada,2165818,4,5,3048,1832
Agathe Stobbs,27 Dorton Circle,Chilliwack,BC,V4P 9K6,Canada,3072235,0,2,2629,2153
Wenda Paal,7 Hanover Center,Burnaby,BC,P8N 6N7,Canada,2945350,6,5,649,4747
Corry Ladbury,1003 Westerfield Circle,Vancouver,BC,M8Y 0I5,Canada,397084,4,3,584,1369
Alfonse Esposito,4133 Melrose Crossing,Kamloops,BC,S9O 1W2,Canada,1582269,0,2,1365,2817
Alair McCahill,7100 Village Green Park,Maple Ridge,BC,L1D 0B7,Canada,2023587,3,0,3365,1164
Celka Farndon,3 Eastwood Pass,Chilliwack,BC,Y8R 9F3,Canada,1626304,1,3,2553,3937
Laurent Gisborne,53 Northridge Center,Kelowna,BC,G8Z 8J4,Canada,1120879,2,2,3337,3179
Feliza Emeney,090 Ludington Lane,Surrey,BC,T5D 9W9,Canada,2919866,5,2,3093,432
Myrna Line,052 Cottonwood Crossing,Vancouver,BC,A6L 0W3,Canada,548636,6,2,654,4855
Laurene O' Mullan,9487 Elka Road,Delta,BC,O2I 9E9,Canada,1157868,5,8,2103,915
Jozef Cormack,64 Melby Park,Vernon,BC,X5G 9R2,Canada,1465050,5,7,2733,3154
Pieter Snar,4056 Doe Crossing Point,Abbotsford,BC,S9G 5W5,Canada,1325364,7,3,3053,675
Latrina Bellino,2926 Corben Center,Victoria,BC,D2L 8O7,Canada,1762486,2,7,2469,4971
Ellene Popworth,8 Mandrake Junction,Maple Ridge,BC,C7E 3C1,Canada,709968,3,0,1306,2829
Emanuel Kinworthy,1 Cody Road,New Westminster,BC,V1R 0D9,Canada,2735692,4,4,3124,3521
Onida Lowdes,5 Erie Avenue,Victoria,BC,B3E 5B3,Canada,2707582,8,6,618,728
Waylin Godfery,5475 Trailsway Avenue,New Westminster,BC,Q6F 0D9,Canada,931130,7,6,567,1166
Niels Eldredge,795 East Alley,Chilliwack,BC,U9L 5F9,Canada,3083937,7,1,1312,1483
Jimmy Schaumann,61 Monument Terrace,Victoria,BC,T3T 4N7,Canada,2177689,1,1,195,1297
Nicola Fulun,872 Dennis Drive,Kamloops,BC,Y1A 4X8,Canada,2142210,4,8,2904,820
Brita Goldingay,7 Judy Place,Abbotsford,BC,Z9B 5S8,Canada,1190047,4,7,2687,3683
Beret Kops,62 Birchwood Lane,New Westminster,BC,T6D 7U4,Canada,2252246,6,0,89,2617
Petr Pagden,3 Lerdahl Center,Delta,BC,A6J 9D3,Canada,698648,3,4,262,4596
Aland Cordel,0649 Tennyson Road,Chilliwack,BC,W5D 0Q6,Canada,2622591,3,1,561,3828
Alair Mosco,5 Cherokee Hill,Kamloops,BC,D9K 8I5,Canada,2243920,6,3,2456,1917
Leonerd Ardling,69 Prairieview Court,Coquitlam,BC,M1O 1K9,Canada,2803887,3,0,2397,4442
Welsh Plomer,86 Dahle Court,Kelowna,BC,N9N 8H5,Canada,471334,4,6,2068,1207
Flo Checketts,0371 Delaware Junction,Nanaimo,BC,V5V 9W6,Canada,2048731,4,7,246,2028
Robenia McCloid,20874 Welch Trail,Langley,BC,P7H 3V3,Canada,1657879,3,8,1200,1752
Dallas Brecknock,09 Packers Lane,Abbotsford,BC,M7T 0P2,Canada,2543178,7,4,999,4020
Lynnelle Ewbanche,476 Blackbird Plaza,Victoria,BC,W2V 5I7,Canada,2735581,0,1,1806,4410
Dottie Jinks,4 Arkansas Center,Kamloops,BC,C9M 8U6,Canada,2207421,1,5,2554,4809
Svend Hanalan,27 Loftsgordon Alley,Nanaimo,BC,K8A 4P5,Canada,1779363,8,7,622,3825
Margalo Kenworthey,24968 Surrey Alley,Richmond,BC,E5C 3C8,Canada,673883,0,6,3326,2485
Devlen Riccio,3731 Sachtjen Parkway,Abbotsford,BC,T0W 5K8,Canada,1726999,3,7,2240,2117
Melli Midden,60 Macpherson Avenue,New Westminster,BC,Q5D 6K2,Canada,1983383,2,6,311,3388
Nicki Lademann,2 Florence Pass,Delta,BC,P2L 2L8,Canada,876382,7,3,3134,1969
Amity Farloe,7 Forest Run Hill,Coquitlam,BC,F1O 7Y2,Canada,3127113,7,6,1324,1694
Jordana Conachie,39340 Burrows Alley,Abbotsford,BC,R7F 1H3,Canada,996563,5,8,493,1251
Anni Mucklestone,593 Dorton Way,Vancouver,BC,M3Z 7A8,Canada,973883,8,3,2925,4643
Pail Willstrop,23 Bowman Terrace,Langley,BC,K9Q 0K7,Canada,2452324,6,6,1130,1663
Maribel McClintock,300 Kropf Way,Prince George,BC,M7S 0E8,Canada,1485832,8,6,2862,2145
Jeana Gravet,45119 Wayridge Terrace,Prince George,BC,U8S 7P1,Canada,1904754,5,4,2392,2899
Roxine Reilly,0 Surrey Court,Kamloops,BC,A9B 3G2,Canada,1551651,6,6,129,2383
Jennica Salvatore,1 Butternut Place,Surrey,BC,Q8S 0G3,Canada,3034073,0,2,2270,1770
Muffin Peirson,5994 Eastlawn Plaza,Vernon,BC,Q8V 0S5,Canada,3046719,4,7,3199,2345
Lyell Dowding,5 Schurz Hill,Prince George,BC,B0G 2B8,Canada,2878264,8,7,2470,2859
Romona Peck,4 Birchwood Avenue,Langley,BC,A0N 3E5,Canada,2757830,2,6,3336,953
Silvan Holstein,25 Montana Terrace,Victoria,BC,V9J 5S2,Canada,717505,0,2,2617,1372
Perice Dziwisz,1 West Lane,Maple Ridge,BC,N9Z 9Q1,Canada,643225,0,7,856,4573
Galven Rodgier,91 Stephen Road,Chilliwack,BC,R3E 5U4,Canada,950247,8,6,2500,510
Bondie Sute,6 Dryden Pass,Richmond,BC,Z5B 4T4,Canada,2914425,4,4,2472,1779
Bertina Bownass,5 Loomis Trail,New Westminster,BC,K8D 9B3,Canada,3142225,1,7,1599,627
Aubert Croce,67321 Dawn Road,Vancouver,BC,N8C 4D1,Canada,2094941,3,0,2678,499
Cortney Rofe,522 Clove Junction,Prince George,BC,V3Z 8L8,Canada,884696,8,0,3211,1156
Juli Reicherz,3592 Loeprich Pass,Prince George,BC,Y0H 1O6,Canada,1088409,0,8,1056,1844
Zacharias Alderman,76696 Butternut Crossing,Kelowna,BC,A7C 9W3,Canada,2064267,4,3,1295,3459
Abagail Liver,806 Grover Parkway,Kamloops,BC,N7D 0U1,Canada,1194292,5,6,1905,3231
Talia Runnett,5673 Karstens Lane,Chilliwack,BC,R6S 8V1,Canada,1314473,6,8,2664,2995
Junia Kedslie,1 Summer Ridge Park,Vernon,BC,G4E 5F8,Canada,2919738,3,6,2149,3365
Woodie Fynan,320 Jana Hill,Burnaby,BC,E7V 5B4,Canada,1093061,0,1,2584,380
Dorothee Middlebrook,5836 Scott Lane,Burnaby,BC,Z2K 0D3,Canada,1918799,5,8,896,1216
Barby Halliwell,669 Meadow Vale Circle,New Westminster,BC,G2O 4P9,Canada,599404,4,6,1406,2136
Audre Arling,002 Del Sol Plaza,Chilliwack,BC,S1X 9A4,Canada,1596678,8,3,2600,688
Dick Dowgill,919 Valley Edge Road,Delta,BC,Z4Q 5V5,Canada,1788692,6,1,1854,1162
Leisha Goering,0115 Northland Park,Burnaby,BC,Y0D 2E6,Canada,2374141,1,8,2161,1819
Jameson Mowling,021 Sheridan Lane,Chilliwack,BC,O1Y 9P2,Canada,231344,1,7,2513,3944
Cassie Stolze,6 Packers Alley,Richmond,BC,R0Q 7K1,Canada,1722164,5,6,1710,2428
Hakeem Cuell,27972 Gerald Drive,Vernon,BC,H5L 6W3,Canada,1284222,1,1,105,1149
Goraud Martel,145 Dottie Road,Abbotsford,BC,K6H 4M3,Canada,2164563,8,8,2732,489
Andee Lourens,98 Namekagon Street,Prince George,BC,H3B 4M3,Canada,1216221,0,2,145,1719
Vittorio McGrirl,1 Fairview Hill,Chilliwack,BC,R3Q 6V5,Canada,842347,5,8,3193,4856
Valera Parmley,89314 Stang Point,Burnaby,BC,M1F 7J8,Canada,365406,1,3,1062,2358
Bale Dilland,64800 Washington Court,Surrey,BC,K9O 7E4,Canada,798605,8,1,1205,3410
Carlyn Gateland,21 Ridgeview Avenue,Langley,BC,B5C 7W1,Canada,774116,7,2,1574,410
Jacqueline Grisdale,45193 Hansons Crossing,Richmond,BC,X4G 9T2,Canada,3018561,0,6,1341,1323
Whit Gaize,8 School Center,Chilliwack,BC,K2A 7V3,Canada,743477,0,8,257,2800
Robbie Cristofolini,788 Gulseth Park,Abbotsford,BC,Y0P 3L4,Canada,880515,8,8,1004,1066
Dene Farrens,01086 Schurz Road,Surrey,BC,C3C 4L6,Canada,761200,1,3,859,3788
Hermann Karlolczak,66 Roth Parkway,Kelowna,BC,S6L 6Y6,Canada,243567,7,0,274,1425
Standford Cutler,6 Derek Plaza,Vancouver,BC,S4T 0G6,Canada,933456,1,8,551,2223
Laverna Phalp,42530 Burning Wood Circle,Maple Ridge,BC,N6I 7X0,Canada,2611521,3,1,1589,3472
Nicolette Honig,45627 Nova Lane,Coquitlam,BC,H0Q 5R6,Canada,1707631,1,5,3003,2133
Elfrida Norcock,10975 Evergreen Court,Abbotsford,BC,A4L 8G8,Canada,1914569,7,7,1127,4675
Conway McLorinan,7 Maryland Hill,Nanaimo,BC,A8A 9F2,Canada,1208007,5,4,2712,1573
Saleem Drew-Clifton,898 Cordelia Junction,Coquitlam,BC,F8F 8S1,Canada,3085580,3,1,3402,3125
Gaspar Witcher,98605 Kipling Pass,Surrey,BC,E4S 9Y1,Canada,217890,6,0,2123,3096
Kaleena Mathey,31 High Crossing Terrace,Maple Ridge,BC,X4S 4L5,Canada,2479981,8,1,1022,2692
Lonnie Gounot,1 Basil Trail,Prince George,BC,J9P 1M4,Canada,3187481,1,7,2696,1688
Rozele Cusick,78 Gulseth Avenue,Langley,BC,Z0E 9P9,Canada,1417083,6,6,175,1634
Morganne Hawkslee,93 Sunfield Center,Kamloops,BC,U9B 1K8,Canada,1899060,4,6,2034,4699
Brent Yesinin,0827 Bonner Drive,Victoria,BC,R8F 3Q9,Canada,1057019,8,4,1476,2261
Clayson Roome,2854 Schurz Plaza,Chilliwack,BC,C1N 3V2,Canada,505449,2,6,2123,2486
Reena MacKibbon,894 Randy Junction,Surrey,BC,S3V 6R4,Canada,1961005,5,8,2728,2429
Rochella Sharrem,5 Hanover Point,Vernon,BC,I6J 0F6,Canada,1968412,3,4,1441,957
Agnese Kitney,46777 Beilfuss Way,Surrey,BC,K2V 1M6,Canada,2790490,4,8,2695,4829
Nikita Kundert,834 Charing Cross Alley,Vernon,BC,G5J 1U4,Canada,1968498,2,7,2274,2154
Morse Grasner,265 West Lane,Richmond,BC,Y6E 7U9,Canada,2285918,1,7,1545,4161
Binni Valens-Smith,51813 Green Ridge Place,Surrey,BC,D9A 0H7,Canada,2198203,1,2,821,1388
Korey Dimmock,28 Annamark Circle,Nanaimo,BC,A7G 8U9,Canada,2314648,6,4,3269,2548
Lew Lacky,0854 Monica Circle,New Westminster,BC,T0O 1H0,Canada,1341524,0,0,1550,4023
Sylas Schulken,198 Saint Paul Junction,Burnaby,BC,E0D 9C0,Canada,2256283,5,1,506,4547
Celine Attack,565 Orin Park,Surrey,BC,T0M 3D5,Canada,1247286,3,5,1994,4529
Welbie Moryson,53075 Cambridge Court,Kamloops,BC,A1W 0O5,Canada,2973708,6,2,33,1181
Orbadiah Follit,3120 Dayton Circle,Maple Ridge,BC,K8S 5K8,Canada,720660,8,6,3132,4933
Lita McGrotty,3437 Cherokee Place,Chilliwack,BC,T6B 9Z8,Canada,2095743,2,6,240,4979
Ortensia Goncaves,81271 Bluestem Way,Abbotsford,BC,X6D 7A7,Canada,1195523,8,4,3377,593
Stella Berndsen,2 Badeau Circle,Chilliwack,BC,U6H 6F4,Canada,1336439,8,0,3378,1712
Elonore Posse,4 High Crossing Center,Maple Ridge,BC,Q1I 6E4,Canada,748001,5,0,950,4680
Moyra Beumant,1574 Michigan Park,Abbotsford,BC,I7K 8Q4,Canada,2073848,5,5,370,4982
Wenonah Coulter,0454 Everett Junction,Kelowna,BC,I7X 4S3,Canada,2739891,8,3,2064,3276
Doug Galilee,5 Bobwhite Court,Prince George,BC,B1H 4W5,Canada,2716346,2,5,706,3207
Dionis Wallhead,9258 Loftsgordon Lane,Kamloops,BC,F3Y 9B2,Canada,310527,7,6,2923,3555
Theresita Rice,32721 Lawn Parkway,Surrey,BC,L8X 8K5,Canada,703569,0,8,1414,4218
Cheryl Painswick,899 Fairfield Plaza,Kamloops,BC,S2A 9U4,Canada,1064298,0,4,98,2944
Xena Lownds,2 Jackson Way,Maple Ridge,BC,Y7E 4A0,Canada,780312,3,7,848,2396
Alejoa Wightman,73 Pierstorff Lane,New Westminster,BC,O5R 8K7,Canada,1129762,3,4,2055,4645
Clarie Thurber,96 Forster Street,Nanaimo,BC,S4M 3R7,Canada,3080641,2,4,2758,994
Lorene Britee,9 Quincy Road,Kamloops,BC,Z1W 9B9,Canada,2502083,8,8,2332,3500
Tobias Jeanequin,3 Lyons Way,Abbotsford,BC,M6K 2U8,Canada,480654,4,3,142,1909
Brandy Kochel,47 Mitchell Drive,Kamloops,BC,I3S 7V1,Canada,434897,6,4,1790,3780
Bronny Sturges,3072 Briar Crest Hill,Abbotsford,BC,Q0F 9J2,Canada,3195471,2,6,772,3669
Valdemar Olekhov,29564 Walton Parkway,Langley,BC,N6F 6Q4,Canada,1210269,8,8,2188,534
Jori Nyssen,9350 Waywood Street,Abbotsford,BC,M3D 0R8,Canada,518196,3,8,1007,1208
Eadie Whiting,6 Birchwood Pass,Delta,BC,M6C 3R9,Canada,2503773,6,3,144,1360
Aura Mandry,78 Scott Terrace,Langley,BC,W1H 1J4,Canada,1481029,1,6,2349,1812
Oliver Ruzic,26 Quincy Lane,Delta,BC,P1J 8V7,Canada,3198925,1,3,344,1742
Niki Prettejohns,22 Walton Plaza,Abbotsford,BC,I8G 5B7,Canada,736265,1,6,2813,2555
Timoteo Varvell,92 Garrison Street,Coquitlam,BC,P5E 1O8,Canada,347054,7,8,1511,1328
Rhianon Robrose,8 Stang Hill,New Westminster,BC,F7U 4H1,Canada,1001487,8,0,1910,4352
Hatty Jellman,34963 Washington Parkway,Burnaby,BC,S4C 7R3,Canada,2704469,6,0,384,3034
Worden Shills,74673 Moland Way,New Westminster,BC,S9N 2A9,Canada,3152481,6,1,824,756
Staford Tipper,8122 Southridge Lane,Kelowna,BC,N2C 1N6,Canada,2473933,7,8,2835,1974
Nelly Madden,5476 Crest Line Avenue,Kelowna,BC,X3N 5J4,Canada,3088015,5,7,1952,3573
Mildred Grisdale,3 Arizona Circle,Burnaby,BC,Y2O 0L8,Canada,2735195,1,3,853,4725
Rozalie Guiet,372 Northridge Hill,Vernon,BC,T8W 0U9,Canada,660259,5,6,3256,1194
Rad Suerz,716 Muir Circle,Burnaby,BC,F1A 8T0,Canada,1212394,8,6,1708,3483
Meier Redon,530 Goodland Park,Delta,BC,Q7J 8C7,Canada,269442,0,3,103,1912
Hobie Ateggart,8 Division Point,New Westminster,BC,D9G 5O3,Canada,2131923,2,1,1164,2021
Niels Yukhnev,245 Sommers Court,Richmond,BC,Z8D 1F5,Canada,778547,4,5,1111,4936
Haleigh Booton,56257 Morning Avenue,Burnaby,BC,Q4I 8P3,Canada,2083070,4,8,2986,2761
Claribel Barton,359 Monterey Court,Victoria,BC,V9R 1U5,Canada,1486859,8,8,3290,4984
Mickey Itzhak,800 Meadow Vale Plaza,Kamloops,BC,Q7A 3G6,Canada,2022813,8,2,803,982
Gratia Aust,721 Spaight Court,Richmond,BC,T8V 0N7,Canada,1030763,3,8,885,4956
Marysa Bancroft,29 Golf Alley,Chilliwack,BC,C1W 3S8,Canada,282056,6,0,3174,676
Ase Heindrick,9427 Rutledge Plaza,Prince George,BC,N3L 5D8,Canada,1717579,0,8,2100,4322
Arte Locke,908 Vermont Circle,New Westminster,BC,U2V 1C6,Canada,1809192,1,7,2516,3551
Estrellita Colvie,572 Coleman Plaza,Vernon,BC,F5I 2S8,Canada,1623928,6,2,2275,1005
Mira Yokelman,0540 Monica Pass,Kelowna,BC,D0X 6G0,Canada,1611657,1,6,1875,2978
Shae Bastiman,02 Washington Terrace,New Westminster,BC,B3L 0S0,Canada,1178144,4,5,1267,2296
Nathanial Gunner,23328 Derek Road,Maple Ridge,BC,F0T 1G7,Canada,1114363,2,8,1031,3123
Bonny McQuaid,2 Hoard Junction,Prince George,BC,Y7O 9F2,Canada,1520846,0,2,1696,3830
Sollie Speariett,9 Pleasure Drive,Surrey,BC,R9U 5O0,Canada,3165848,6,0,698,4260
Lesly Bahia,7120 Meadow Ridge Lane,Burnaby,BC,B1M 7G1,Canada,843919,4,6,2604,2722
Abigale Warwicker,176 Pine View Center,Chilliwack,BC,M1B 7G9,Canada,1943727,1,2,3245,2552
Shurlocke Lamcken,95164 Carpenter Court,Coquitlam,BC,V7M 5U2,Canada,1608077,4,3,450,1263
Franchot Coy,3914 Morningstar Hill,Nanaimo,BC,Z1K 1X4,Canada,2348358,3,0,715,1321
Winny Semour,85543 Marquette Pass,Surrey,BC,C3K 4H8,Canada,1419534,3,1,1636,4920
Juli Vyvyan,1987 Norway Maple Drive,Abbotsford,BC,R6A 2J8,Canada,1396687,5,2,977,4914
Starlin Newitt,685 Myrtle Place,Vancouver,BC,C9A 6Q4,Canada,643501,2,1,2703,1696
Iseabal Greenhough,072 Milwaukee Crossing,Langley,BC,W3L 0R3,Canada,1588516,8,4,917,2416
Horatio Heads,3 Starling Terrace,Vancouver,BC,V6J 0V2,Canada,389255,3,6,1305,1112
Diana Bramsom,9 Texas Way,Kamloops,BC,P8S 4T8,Canada,771408,3,4,543,1529
Tiphany Howison,895 Schurz Alley,New Westminster,BC,T2U 9U1,Canada,354152,1,6,1503,1155
Arielle Collcutt,0 Thierer Hill,Vancouver,BC,E4X 3Y8,Canada,2826019,7,0,1723,4614
Fran Witling,3 Bowman Crossing,New Westminster,BC,X4R 3J4,Canada,2939310,4,1,670,3568
Randa Lehmann,81 Sachtjen Place,Surrey,BC,K6W 9J8,Canada,1698868,4,7,2537,2898
Kizzee Gehrts,2442 Nova Place,Kelowna,BC,R7T 3D6,Canada,2075997,8,8,2287,4792
Berti Neiland,43 Rigney Way,Nanaimo,BC,P3O 6U7,Canada,1693081,2,6,2954,3781
Alvan Kingerby,15984 Bluejay Avenue,Kelowna,BC,R4W 3O0,Canada,2931813,5,5,183,806
Kalil Bynert,020 Caliangt Hill,New Westminster,BC,L0U 8Q9,Canada,438478,5,7,90,3963
Elysee Blaney,15337 Delladonna Place,Langley,BC,I9S 3A1,Canada,2225094,7,5,1184,3025
Chandra Whitlam,0 Erie Lane,Coquitlam,BC,J8H 9Z8,Canada,2084603,0,3,1208,505
Belicia Oppy,1 Jackson Avenue,Abbotsford,BC,R3I 0R6,Canada,2918788,1,1,1555,1937
Millicent Boyall,87 Pepper Wood Lane,Nanaimo,BC,M1F 4V1,Canada,2857764,7,4,1332,4398
Georgeanne Currell,0 Continental Lane,Langley,BC,T1A 6N8,Canada,2066159,8,2,3300,4868
Waneta Durante,664 Barby Point,Kamloops,BC,K8Z 5R6,Canada,804299,7,0,2320,2995
Pat Benton,05725 Saint Paul Hill,Chilliwack,BC,H9B 8X2,Canada,1876866,5,6,2990,1547
Sheilakathryn Skipperbottom,6804 Melrose Point,Vancouver,BC,P7G 9D1,Canada,500839,1,8,2683,3098
Erhard Ganter,61569 New Castle Drive,Prince George,BC,O6J 4I3,Canada,667374,1,6,2012,2497
Edlin Fiske,8926 Gulseth Avenue,New Westminster,BC,W2S 1L5,Canada,1423978,0,2,3273,767
Rudy Sales,88708 Dawn Terrace,Surrey,BC,I6K 7I7,Canada,1158478,0,6,652,4290
Steve Jacquot,276 Cody Circle,Maple Ridge,BC,Q8G 6Z4,Canada,2357347,4,7,208,2027
Marcela M'Quharg,04 Forest Dale Drive,Surrey,BC,H9O 4E9,Canada,1228210,2,3,2728,3737
Harriot Gatman,1 Westridge Crossing,Langley,BC,F7X 4H5,Canada,2920321,8,1,2032,3074
Pauletta Sawforde,2 Maple Way,Vancouver,BC,S3T 5O0,Canada,1331108,3,4,779,4703
Roland Banyard,992 Morning Parkway,Kamloops,BC,V8V 6A3,Canada,502620,4,3,1924,3863
Woodrow Anderton,5533 Golf Way,Prince George,BC,F2X 4Q4,Canada,1150199,7,6,2517,4426
Lorettalorna Balasin,5987 Lake View Street,Surrey,BC,L9X 7S0,Canada,2451751,5,5,3148,885
Aidan Prestland,9 Chive Park,Surrey,BC,L6F 0R5,Canada,2449051,8,0,1602,2333
Petronille Yitzhakov,3557 Hallows Circle,Abbotsford,BC,E9E 7U7,Canada,3189726,4,3,1400,1599
Ewart Seyers,7333 Corry Parkway,Kelowna,BC,X9J 8K5,Canada,902425,7,4,2390,4823
Yorker Sketh,0 Truax Crossing,Maple Ridge,BC,S8U 0Z8,Canada,1140385,1,6,2812,2639
Bertram Wadge,6359 Buell Center,Victoria,BC,X9R 8E1,Canada,2221553,5,0,1243,4435
Sophie Sebrook,2436 Northview Alley,Richmond,BC,N7V 2O9,Canada,1704654,1,7,1004,1733
Odette Simione,08693 Glendale Plaza,Maple Ridge,BC,T3H 5A3,Canada,2873805,8,4,633,2748
Arlen Grosvenor,21 Rigney Terrace,Vernon,BC,E5Y 7P8,Canada,2157461,5,0,562,4238
Jeffrey Larder,710 Sundown Point,Langley,BC,M2R 5H1,Canada,2709000,8,2,1799,940
Carmel Heinsius,61 Spaight Plaza,Delta,BC,D1H 1Y3,Canada,1353489,1,7,2576,2506
Reynolds Wellbeloved,51283 Norway Maple Hill,Prince George,BC,F3F 0X1,Canada,1205733,8,7,1680,3481
Kane Littrell,98 Mesta Way,Victoria,BC,E2E 5M4,Canada,1138082,1,1,1128,2867
Franni Eymer,50529 Jenifer Court,Maple Ridge,BC,B1U 5L2,Canada,322440,4,8,3279,4460
Pavla Witsey,201 Spohn Street,Chilliwack,BC,L7Z 9R9,Canada,2853105,7,7,876,2634
Avram Laverack,7 Upham Trail,Prince George,BC,G1K 2H3,Canada,446713,5,2,3188,1818
Teodorico Benstead,862 Hoard Street,New Westminster,BC,E1C 4V5,Canada,1548212,8,3,1795,4266
Price Winspar,85145 Spenser Court,Kelowna,BC,D6T 1H3,Canada,1557039,8,5,1392,2491
Moll Gilstin,15 New Castle Way,Vancouver,BC,H5H 4P6,Canada,2240301,7,8,2089,451
Cosme Coslitt,0 Farmco Parkway,Kelowna,BC,W1Z 2I9,Canada,1357226,6,2,1161,2223
Dix Tearle,306 Emmet Center,Surrey,BC,I4X 6K3,Canada,3126684,6,0,2200,1102
Aharon Butson,5541 Paget Hill,Maple Ridge,BC,S3L 4V8,Canada,2179535,8,5,3287,1132
Julianne Rennles,1795 Stuart Drive,Victoria,BC,M1I 0U6,Canada,1519262,1,1,1731,381
Retha Tarply,5562 Magdeline Plaza,Nanaimo,BC,N6T 9D1,Canada,891193,2,7,2045,690
Marlo Canner,99094 Farmco Park,Surrey,BC,X7J 4G9,Canada,2175018,2,7,92,1515
Lyssa Cawtheray,930 Shopko Road,Vernon,BC,D2D 5Z1,Canada,1648710,3,1,590,1188
Antonella Linacre,5 International Circle,Chilliwack,BC,R7U 6Y1,Canada,717750,3,0,1917,1693
Lauren Giovani,09505 Troy Center,Victoria,BC,D6F 5K1,Canada,2491475,6,1,2246,4766
Diane-marie Savidge,87 Alpine Lane,Victoria,BC,M1J 6V1,Canada,2349111,0,5,586,4068
Albertina Lowell,98 Pankratz Avenue,New Westminster,BC,P5B 9Y5,Canada,2179205,7,2,208,4794
Ezechiel Bignall,43 Northview Court,Coquitlam,BC,W7F 7U3,Canada,1765542,8,8,991,3837
Dayle Atley,845 Loeprich Avenue,Prince George,BC,E7D 7N4,Canada,2486983,3,4,3076,2403
Franky Le Claire,7 Heath Street,Surrey,BC,J1B 2X0,Canada,2869404,6,3,2150,3890
Ophelia Fawcus,1 Vernon Pass,Abbotsford,BC,L1R 8C1,Canada,2262225,6,6,2734,366
Freeland Gerwood,25 Esch Junction,Richmond,BC,A8Z 1C1,Canada,2681545,1,6,1173,2127
Augustine Chaffin,3 Londonderry Terrace,Kelowna,BC,A7G 4Q5,Canada,2370305,2,6,1706,4437
Sherwin Pedrollo,62 Atwood Way,Coquitlam,BC,M3T 0V3,Canada,1585077,6,1,2623,958
Genovera Claye,4738 Mosinee Center,Victoria,BC,L7V 0Z7,Canada,436156,2,1,858,527
Sheffield Buxy,11787 Knutson Place,Victoria,BC,X9M 7X0,Canada,1049901,0,2,2612,642
Lammond Swyn,0317 Melrose Circle,Abbotsford,BC,V1C 7U6,Canada,346320,7,4,1255,3133
Jehu Duchesne,03412 Northridge Circle,Abbotsford,BC,O9R 5U0,Canada,1824817,4,7,2401,4720
Beatrice Langrick,7426 Magdeline Parkway,Kamloops,BC,R5G 9J1,Canada,2702407,0,8,3099,1869
Virginia Speariett,2 American Ash Street,Maple Ridge,BC,D2W 7M9,Canada,2485064,5,1,2997,3988
Rickie Shapera,856 Knutson Place,Prince George,BC,A3F 1O5,Canada,693922,2,4,1343,3678
Otho Ambrois,3110 Quincy Plaza,Maple Ridge,BC,X7E 9H3,Canada,1486021,0,0,1287,3749
Anitra Duchant,7 Huxley Parkway,Vancouver,BC,Q8V 6H6,Canada,816497,1,4,785,2221
Karlyn Hedney,972 Clyde Gallagher Terrace,Burnaby,BC,E4M 2B7,Canada,478717,0,3,1268,3999
Briant Keasley,076 Bay Terrace,Maple Ridge,BC,J3B 3K5,Canada,1069258,2,1,2554,1739
Olenka Paschek,912 Hollow Ridge Crossing,New Westminster,BC,Z3Z 6R0,Canada,990748,2,4,868,4754
Nelle De Minico,89636 Katie Pass,Coquitlam,BC,O9S 7M9,Canada,2967031,1,4,80,2296
Chelsea Gagen,8 Forest Run Hill,Richmond,BC,A4G 7B4,Canada,1290051,2,0,183,1265
Jennie Coushe,546 Blaine Court,Victoria,BC,T4D 0O5,Canada,3130227,5,0,100,3470
Curt Sevitt,331 Norway Maple Avenue,Nanaimo,BC,V6S 9U4,Canada,2350527,3,4,3421,3297
Shannen Klausen,1 Oneill Road,Abbotsford,BC,N9G 1H1,Canada,1258087,4,7,683,2188
Raimund Roddam,3136 Dawn Avenue,Delta,BC,Z9I 2T4,Canada,2404581,4,4,1485,3835
Jennine Simm,782 Beilfuss Lane,Vancouver,BC,R1A 0A4,Canada,2777754,1,5,2889,2058
Kristina Vanyukhin,17 Stuart Court,Langley,BC,K2A 8E9,Canada,2636607,1,1,480,501
Aldric McKall,92128 Village Green Center,Prince George,BC,H9E 0V8,Canada,664325,0,7,1083,2873
Ewell Regus,0801 Buhler Crossing,Prince George,BC,Y5B 5X7,Canada,231124,0,7,1801,428
Latisha Grim,62199 Kingsford Crossing,Prince George,BC,S1F 4F0,Canada,2853905,0,6,2827,4101
Berta Dearness,1991 8th Terrace,Kelowna,BC,W7T 8S2,Canada,749568,7,7,763,2153
Orin Selliman,86375 Mendota Park,Burnaby,BC,I8A 2G3,Canada,2680119,2,6,88,3681
Katinka Petticrow,948 Macpherson Trail,Richmond,BC,R3W 5N5,Canada,1749455,0,8,878,3911
Tod Titchmarsh,19 Holmberg Drive,Vernon,BC,D8T 1M2,Canada,1973870,1,0,3266,3678
Inesita Crocetto,7168 Transport Parkway,Vernon,BC,Y8T 4T3,Canada,2014404,1,2,2057,3426
Rudyard Bohea,2 Petterle Court,Vancouver,BC,W0I 1L4,Canada,2640988,5,4,1238,1462
Elberta Wimlet,4753 Arizona Hill,Kamloops,BC,Q0H 9N9,Canada,2278303,0,7,3068,2582
Peter Maass,25201 Victoria Junction,Maple Ridge,BC,S4S 2X3,Canada,3004280,6,3,1977,3544
Leone Jaycock,07557 Melvin Park,Kelowna,BC,Z8H 4O8,Canada,2674859,7,7,1292,1816
Ulla Scottrell,8949 Stuart Street,Abbotsford,BC,O4U 0K6,Canada,2501978,8,7,969,1329
Drusy Dutson,50 Anthes Trail,Burnaby,BC,R5M 6X2,Canada,1681214,5,2,3309,3160
Salaidh Breyt,95 Swallow Park,Kelowna,BC,I4O 4J3,Canada,3069678,3,0,3420,3918
Red Whatsize,23 2nd Alley,Chilliwack,BC,Q5T 7D0,Canada,850671,3,2,3250,599
Hewitt Jaquet,95888 Thierer Lane,Richmond,BC,S5J 6A6,Canada,2628255,6,7,317,2026
Stella Beadles,26732 Merrick Trail,Delta,BC,H4J 4X6,Canada,3122579,6,7,1928,3470
Sheridan Kalker,4440 Magdeline Court,Langley,BC,D5R 5F7,Canada,2214560,3,5,856,4860
Dewey Bleckly,055 Ramsey Way,Chilliwack,BC,G4L 2A6,Canada,1189223,0,3,307,3830
Agace Eick,691 Tennessee Junction,Maple Ridge,BC,N2R 5U5,Canada,331129,7,5,1022,4136
Mayer Ainsbury,62 Miller Hill,Victoria,BC,C6V 3N8,Canada,1203606,4,4,86,2501
Kelbee Hitter,83004 Blaine Place,Surrey,BC,L2I 2W6,Canada,2688716,3,3,2693,4255
Riordan Lauthian,49925 Bartelt Alley,Chilliwack,BC,C4Y 4A6,Canada,1420939,3,4,1949,2449
Calvin Mulvagh,6 Oak Valley Center,Victoria,BC,O4K 7N9,Canada,2934149,6,6,1230,656
Oneida Milmo,06328 Buhler Road,Vancouver,BC,I6K 7Z6,Canada,2375413,5,3,817,3422
Talyah Frid,0 Schiller Road,Coquitlam,BC,T9K 5M3,Canada,2882055,1,7,2143,3639
Joceline Longforth,46987 Novick Crossing,Kelowna,BC,Y0D 1A5,Canada,1936077,7,3,614,3917
Arty Farfolomeev,9 Sauthoff Court,Maple Ridge,BC,Q1M 3E3,Canada,2818244,0,7,1743,671
Greggory McKenny,80 Parkside Park,Coquitlam,BC,M5H 5U0,Canada,1689503,0,4,1526,4525
Benoit Golly,34256 Debs Alley,Chilliwack,BC,F9G 1T4,Canada,567300,8,8,2872,1691
Shermie Stribbling,1865 Riverside Avenue,Surrey,BC,N8Q 5A2,Canada,1782405,7,4,817,889
Bertrand Magarrell,65 Mcbride Center,Maple Ridge,BC,C7K 1O9,Canada,3163211,8,5,1245,3535
Marys Haylands,7667 Corry Court,Vernon,BC,G7Y 5V5,Canada,1998467,8,1,2859,4093
Cobb Arghent,4907 Anderson Point,Prince George,BC,I8X 8K9,Canada,2897344,8,0,3028,3566
Kevyn Fellman,7829 Hintze Hill,Kelowna,BC,W1K 0E7,Canada,2124900,2,8,713,3982
Chaddy Caberas,2 Onsgard Way,Vancouver,BC,A7R 6B0,Canada,1774974,3,4,1353,543
Nellie Croal,46 Huxley Street,Prince George,BC,L5B 0Q4,Canada,2920578,3,3,2395,1567
Katuscha Iron,264 School Alley,Maple Ridge,BC,K2F 4W1,Canada,1127310,7,5,2554,719
Margette O'Murtagh,72 Iowa Road,Victoria,BC,K5C 6H3,Canada,589886,7,0,1415,2606
Osmund Osbiston,69758 Fieldstone Parkway,Kelowna,BC,N7X 4U9,Canada,2528525,2,5,2882,1056
Rebekkah Nesterov,97 Dovetail Alley,Delta,BC,X0V 9K7,Canada,565602,8,7,3214,2080
Esme Savege,7963 Meadow Valley Trail,Richmond,BC,Y0P 2Y8,Canada,1491356,1,0,534,2993
Bren Nutter,05 Di Loreto Terrace,Maple Ridge,BC,E1X 7D6,Canada,873645,6,7,2518,3704
Brocky Howton,25558 Hooker Pass,New Westminster,BC,X2P 4K1,Canada,1466197,7,6,2758,1622
Isacco Ashe,103 Independence Pass,Kelowna,BC,V8I 5Z4,Canada,2313968,5,0,759,384
Mikel Heare,7391 Dovetail Parkway,Burnaby,BC,E5S 1V2,Canada,1482544,4,2,2756,1894
Vaughan Goldsworthy,4568 Sugar Plaza,Richmond,BC,A7U 4C3,Canada,3084876,1,7,800,705
Velma Simnor,631 Farwell Parkway,Prince George,BC,T2J 8R0,Canada,1605921,1,3,1463,3773
Ewen Illesley,5 Havey Avenue,Prince George,BC,V3Y 0J6,Canada,2523435,6,6,1140,1192
Nicolea Blaszczynski,1 Carioca Plaza,Prince George,BC,E8J 2I4,Canada,1355288,8,8,739,1845
Quintus Heinl,32974 Thierer Avenue,Surrey,BC,M7Y 6O2,Canada,2750115,6,5,1005,2502
Phyllida Rasper,537 Pine View Terrace,Burnaby,BC,X9W 1R7,Canada,2123054,4,7,2921,443
Vyky Ketts,7183 School Parkway,Delta,BC,U5Y 4U2,Canada,2053554,7,8,2962,2212
Serene Plascott,28 Birchwood Junction,Maple Ridge,BC,N5G 0Y7,Canada,565542,1,5,2875,736
Nicol Gorner,2 Redwing Parkway,Kelowna,BC,C4I 2V6,Canada,2020294,4,8,1170,1255
Yolanthe Annon,9092 Butterfield Junction,Victoria,BC,J4L 8S3,Canada,2525052,0,1,2790,4631
Dionysus Strettle,20553 Ridgeview Point,Delta,BC,R7G 1J7,Canada,3018252,0,0,2070,3342
Meggie Roache,0224 Clyde Gallagher Terrace,Delta,BC,J0N 8H0,Canada,1813381,7,8,3006,4519
Ronica Chardin,9 Continental Avenue,Coquitlam,BC,A5J 7F9,Canada,3156252,5,6,479,4684
Saxe Summerly,9 Prairieview Junction,Abbotsford,BC,L0Q 4D5,Canada,576500,7,5,373,2994
Obadiah Bernadot,47698 Hoard Alley,Kamloops,BC,T1Y 5I1,Canada,1182771,2,7,3122,4478
Jeni Antonin,4728 Westerfield Court,Prince George,BC,B9T 4Z2,Canada,863248,1,4,2057,4906
Mario Reilingen,63216 Ilene Drive,Victoria,BC,W3G 9H9,Canada,2271543,4,8,2884,4009
Gonzalo Otter,79378 Barnett Trail,Vernon,BC,P7W 9P0,Canada,2682135,0,1,2810,2740
Murvyn Dockerty,5 Bobwhite Place,Kamloops,BC,F1L 6C5,Canada,2057722,6,7,2927,3944
Milton Klimowski,16 Rigney Terrace,Langley,BC,R3Y 9P2,Canada,1741814,5,0,142,4050
Debbi Farra,08998 Dorton Point,Kamloops,BC,N4K 3N8,Canada,2046651,4,8,1771,3953
Doralin Hurler,07492 Becker Drive,Vancouver,BC,L3V 9K3,Canada,2836347,4,2,2512,919
Hildegaard Langelay,8 Monument Alley,Coquitlam,BC,Q4H 7K5,Canada,2749751,5,6,424,1294
Caryl De Biaggi,366 Bunker Hill Center,Burnaby,BC,G0S 3O0,Canada,2504744,3,2,1962,3559
Ronny Tathacott,34098 3rd Drive,New Westminster,BC,M3Q 1W9,Canada,1591890,6,5,2333,1723
Maura McLachlan,614 Ridge Oak Court,Chilliwack,BC,D5L 6J3,Canada,214805,6,2,874,4390
Marietta Crisford,21883 Sullivan Alley,Vancouver,BC,B5T 0S1,Canada,1856664,5,3,667,1051
Cam De Wolfe,862 Hanover Crossing,Langley,BC,S9F 2R5,Canada,2907105,7,2,438,3014
Nial Brokenshaw,9194 Arkansas Street,Chilliwack,BC,I3N 5G5,Canada,1492647,3,4,587,866
Allen Peterkin,29 Dennis Way,Prince George,BC,Q8A 9E8,Canada,1018335,2,5,797,3122
Reeta Wands,88085 Jenifer Point,Kelowna,BC,Q1Y 3S8,Canada,695022,8,1,2807,2372
Aurthur Maydwell,39 East Hill,Nanaimo,BC,Y8X 6L5,Canada,825441,6,6,426,1498
Tim Corp,56544 Rockefeller Plaza,Surrey,BC,S3F 5Q9,Canada,2080489,2,3,2591,3032
Reade Martinets,0 Saint Paul Point,Surrey,BC,A2K 5E0,Canada,2559298,7,5,110,469
Cooper Cogdell,62 Heffernan Circle,Kamloops,BC,Z3C 4K8,Canada,2366042,8,8,2973,3859
Clarissa Ivanitsa,1949 Schurz Center,Langley,BC,M4C 8F2,Canada,1858533,0,4,3283,4536
Issie Gidney,6 Valley Edge Court,Vancouver,BC,R1Z 6G8,Canada,1047781,3,4,507,2658
Kathy Biles,132 Main Avenue,Surrey,BC,U2O 1N4,Canada,2099950,3,6,2256,2383
Batsheva Morgue,9 Merchant Alley,Kamloops,BC,N5D 2I0,Canada,1188017,2,6,3307,3732
Rycca Targetter,0984 Moose Plaza,New Westminster,BC,E7Q 2W3,Canada,1645103,1,4,2151,3445
Billi Gash,12368 Ohio Alley,Langley,BC,Q7P 8Y1,Canada,605353,5,8,1413,3628
Beniamino D'Aguanno,1523 Village Road,Coquitlam,BC,V4L 0A5,Canada,1404674,3,0,1016,4403
Lek Brodeur,23272 Sunnyside Avenue,Surrey,BC,X1G 8N9,Canada,2875071,4,5,393,488
Stephan Bordone,0 Starling Park,Maple Ridge,BC,F6J 4Q6,Canada,1452390,2,2,29,4623
Norine Durran,679 Garrison Place,Chilliwack,BC,I6V 1G0,Canada,932966,7,4,1480,3692
Leonore Mabbitt,22 Hollow Ridge Drive,Kamloops,BC,N2H 6M5,Canada,804535,4,4,1422,3297
Corrinne Otton,55 Harper Circle,Surrey,BC,A1R 6B2,Canada,2889884,5,5,2757,2044
Leroy Tertre,2 Fairfield Crossing,Kelowna,BC,V0S 1Y7,Canada,2988271,2,8,3035,2658
Bel Walling,25604 Buhler Park,Prince George,BC,E7V 9P1,Canada,2814494,7,4,1055,2533
Roxi Gotfrey,7603 Oak Valley Parkway,New Westminster,BC,S7Z 2F5,Canada,1420701,2,5,2729,1480
Granger Donnell,8611 Vermont Park,Vernon,BC,B1N 2N3,Canada,2937710,6,3,1327,931
Rockey Bliven,7 Old Gate Parkway,Vancouver,BC,E2F 0F7,Canada,2144349,3,6,2037,4378
Alis Justham,6 Prairieview Way,Maple Ridge,BC,Q4V 0Q9,Canada,1959289,2,5,46,3373
Dorian Portman,8194 Barnett Alley,Kamloops,BC,Q0M 9F9,Canada,513882,3,8,2753,4423
Rossie Niesing,3 Cambridge Park,Coquitlam,BC,G0W 4J5,Canada,463962,7,4,2591,1378
Mollee Groomebridge,4165 Oakridge Hill,Coquitlam,BC,U4F 3D1,Canada,2726032,4,0,1509,729
Felix Dorrins,0 Rusk Trail,Victoria,BC,A6O 4Y2,Canada,353295,2,1,2804,2009
Elonore Friend,77 Rigney Pass,Langley,BC,A3W 1Y8,Canada,1354994,0,1,1453,353
Marvin Tilt,1843 Arizona Drive,Kelowna,BC,A5M 8R2,Canada,2292206,1,5,1269,3280
Donnell Margrett,3 Di Loreto Road,Kelowna,BC,X0P 2P0,Canada,442192,4,2,893,4116
Laryssa Dybell,6181 Delaware Hill,Kamloops,BC,R4X 7E6,Canada,1468668,7,5,204,2003
Don Swannick,4587 Veith Drive,Abbotsford,BC,U3Q 4N5,Canada,1010536,4,1,2399,1840
Amandie Kamen,3 Clyde Gallagher Plaza,Kamloops,BC,K2L 5O1,Canada,2305397,1,5,1230,2671
Terrye Leil,23 Sachs Point,Kelowna,BC,D4J 2G2,Canada,1078037,8,7,2436,4659
Bran Halfacre,513 Katie Crossing,Chilliwack,BC,U3S 2M7,Canada,2920416,4,6,1868,4166
Hailee Ruter,347 Paget Road,Kelowna,BC,I3Q 4S4,Canada,1589920,5,2,2270,3317
Niki Liepina,60 Messerschmidt Hill,Vancouver,BC,X1D 5L7,Canada,1539174,5,8,65,4225
Cooper Wiseman,5 Dunning Terrace,Surrey,BC,Y9K 1E5,Canada,3023998,6,0,480,2832
Tera Janodet,3340 Victoria Center,Vernon,BC,F7Y 7B5,Canada,1599906,1,5,775,2986
Hyatt Martensen,1 Farmco Street,Langley,BC,V2P 9U5,Canada,316607,2,0,3204,3212
Saul Deem,43 Gale Way,Kelowna,BC,D1C 6K5,Canada,1157368,7,4,3091,997
Gerri Watt,7 Gale Crossing,Prince George,BC,V1X 0H0,Canada,2393083,1,0,2465,1863
Christophorus Cowmeadow,4706 Tennyson Point,Kamloops,BC,W6Y 2D4,Canada,3022683,8,0,216,4487
Mal Haydn,1668 Westend Hill,Kamloops,BC,O3L 6F8,Canada,387339,5,6,2534,1471
Aeriell Livesay,825 Springs Trail,Burnaby,BC,B3T 4T0,Canada,2611811,4,3,1979,3117
Yovonnda McCulley,25630 Lawn Pass,Kelowna,BC,I3H 8K2,Canada,2016552,6,1,418,2215
Georgi Kilgrew,4 Morrow Road,Surrey,BC,N3A 3Q1,Canada,1004455,2,5,1159,4100
Audrie Dracey,347 Northland Hill,Kelowna,BC,I5J 3H5,Canada,1981966,0,3,2767,4600
Bondie Weekes,2 Cordelia Center,Delta,BC,A5O 5U7,Canada,479241,5,4,298,4108
Averell Albers,557 Veith Point,Vancouver,BC,J9O 1A9,Canada,729594,7,6,3311,1591
Edee Chantillon,41673 Manitowish Court,Burnaby,BC,E1L 5C8,Canada,332062,7,3,190,1027
Cory Martinyuk,88357 Merrick Street,Chilliwack,BC,H5H 2F0,Canada,921082,3,0,868,573
Lucho Trude,0705 Golf View Circle,Nanaimo,BC,Y8H 0K1,Canada,1258897,8,5,1928,382
Selestina Mazzeo,1357 Jenna Hill,Coquitlam,BC,U7D 5C1,Canada,2990010,4,8,2960,3072
Karolina Broad,9 Eagle Crest Drive,Surrey,BC,H6L 7L1,Canada,1834715,1,4,3319,583
Beatriz Littrick,13736 Garrison Circle,Delta,BC,O7Q 4A4,Canada,1012725,4,8,1564,4056
Amalita Peasegood,25056 Dexter Hill,Langley,BC,H9P 6D0,Canada,2770356,8,5,1448,4225
Blanca Puckrin,549 Hazelcrest Center,Surrey,BC,S2M 4R6,Canada,612469,1,8,3037,2964
Bettina Ollivier,13115 Towne Trail,Kamloops,BC,B2F 2H1,Canada,1832966,1,7,246,4391
Valentia Oboy,2 Monument Drive,Victoria,BC,N4U 6K6,Canada,724106,6,2,2226,3463
Curt Toller,26 Upham Pass,Burnaby,BC,C0N 6J5,Canada,1585799,5,7,609,2723
Dolorita Emsden,89 Judy Pass,Abbotsford,BC,J6F 7J4,Canada,2183198,1,3,2172,3207
Jose Steljes,36445 Schiller Way,Delta,BC,X0O 1A2,Canada,928443,5,6,1701,2025
Clementius Spaughton,25 Aberg Place,Coquitlam,BC,F2N 6P4,Canada,2338282,4,7,3007,1018
Ezechiel Bleything,910 Shelley Place,Maple Ridge,BC,L3Z 4Y4,Canada,2301708,1,2,837,4325
Olivero Questier,84 Steensland Pass,New Westminster,BC,T0C 7I4,Canada,750568,4,0,2602,2065
Cleopatra O'Cannon,0518 Melby Parkway,New Westminster,BC,Z3G 1A1,Canada,2118251,7,2,2161,683
Perren Simak,7924 South Place,Kamloops,BC,V2I 7E8,Canada,2756953,3,5,2648,4854
Gamaliel Waiting,46779 Tony Circle,Richmond,BC,I1A 2Y4,Canada,3143686,2,8,58,2228
Griff Ioselev,8823 Leroy Trail,Vernon,BC,P9F 8S3,Canada,2306652,8,2,773,4213
Almeria Ivatts,9 Roth Circle,Prince George,BC,F6H 0L4,Canada,2079150,7,3,1391,1995
Florella Costelloe,8163 Shopko Drive,New Westminster,BC,A2Z 5F1,Canada,1767914,1,5,2519,3840
Myrah Jenik,99835 Logan Pass,Delta,BC,Q3H 0X0,Canada,1313050,3,3,134,3188
Lilly Lilliman,42028 Fairview Plaza,Nanaimo,BC,T0V 4P3,Canada,1777710,1,1,1487,2713
Kassia Swanger,922 Logan Way,Kelowna,BC,S5X 6D9,Canada,3038091,6,6,216,498
Sarah Davidoff,1565 Westend Circle,Surrey,BC,O3C 7J9,Canada,1573005,1,7,2958,4670
Burr Semkins,775 Beilfuss Crossing,Surrey,BC,Q6Q 9O4,Canada,2574069,8,4,2695,2440
Benedict Farnall,53587 Delladonna Parkway,Abbotsford,BC,E7Q 8V4,Canada,603241,2,4,769,4453
Elliot Perry,76573 Jay Parkway,Coquitlam,BC,Z2J 6N2,Canada,1467223,2,5,1649,1638
Francene Andreacci,7186 Bellgrove Court,Chilliwack,BC,R0W 6I7,Canada,490072,8,0,964,2695
Rickie Kinmond,9 Debs Crossing,Delta,BC,Z6K 4V0,Canada,1884367,2,5,356,2715
Sheree Girardi,236 Grayhawk Plaza,Maple Ridge,BC,X4A 2O0,Canada,2689746,1,2,618,1514
Rock Huckabe,90 Pawling Place,Chilliwack,BC,V7Q 9L3,Canada,1609496,2,5,3215,1038
Nanny Magor,932 Brickson Park Crossing,New Westminster,BC,Z1I 0U3,Canada,922987,4,2,1052,1616
Cookie Kleynermans,97 Helena Place,Surrey,BC,J8M 4T2,Canada,1041586,1,8,2910,1632
Zita Parkeson,6 Summer Ridge Lane,Kamloops,BC,E1P 8N7,Canada,856758,0,8,2627,4067
Anabelle Lampkin,4 Eliot Drive,Kelowna,BC,H7O 0B8,Canada,657237,1,3,2213,2677
Wynnie Fossitt,82146 Londonderry Lane,Burnaby,BC,F5T 6K6,Canada,2474151,3,6,2604,4729
Bea Algar,135 Hanson Hill,Victoria,BC,E9T 8S4,Canada,531880,2,2,2012,3262
Kerrill Gindghill,8 High Crossing Road,Langley,BC,R5J 3J8,Canada,3161361,3,2,2761,1058
Celia Bollins,231 Manufacturers Circle,Vancouver,BC,I9O 1M8,Canada,644817,5,5,481,3993
Denys Hatchett,24 Luster Crossing,Nanaimo,BC,X8R 3X0,Canada,645790,0,7,2512,4236
Gertie Libbe,1027 Washington Plaza,Abbotsford,BC,T1U 7I1,Canada,779851,7,4,3050,3919
Andromache Cunnow,7217 Tomscot Junction,Nanaimo,BC,Q1F 9I0,Canada,2675500,0,6,1215,3849
Gusty Headech,6 7th Trail,Delta,BC,G9T 5X4,Canada,1002007,3,7,533,4087
Demeter Tompkinson,20785 Forest Parkway,Abbotsford,BC,C4I 6S1,Canada,3164126,5,8,3374,2908
Dimitry Sodo,81487 Dapin Street,Nanaimo,BC,F4R 6J1,Canada,1843854,6,2,1973,3749
Jackie Klulicek,5 Harbort Street,Maple Ridge,BC,A0Y 8Y5,Canada,975309,7,5,264,4884
Christabel Cleverly,5002 Orin Street,Vancouver,BC,Q5B 6V1,Canada,1608442,0,0,1058,1447
Dulce Jobb,13718 Prairieview Terrace,Prince George,BC,G4J 6Z0,Canada,2258367,2,1,409,1932
Atalanta Pettisall,450 Bobwhite Point,Victoria,BC,Y9H 0J8,Canada,2226918,8,6,144,4842
Modestia Dickons,2074 Hanson Alley,Richmond,BC,P3Z 7G1,Canada,1113023,0,8,1910,2569
Pierson Sparshott,5 Dawn Trail,New Westminster,BC,L9C 9Q4,Canada,1051636,5,1,2581,1484
Nickolai Faires,053 Arkansas Lane,Richmond,BC,S3V 5S9,Canada,2454051,4,2,2251,3261
Geordie Lorriman,26444 Utah Park,Burnaby,BC,E9D 9C9,Canada,1273499,1,3,2919,1897
Johan Jeune,43 Bunting Junction,Chilliwack,BC,F1G 9L0,Canada,1226494,3,3,516,1348
Ilene Pelz,7365 Evergreen Center,Victoria,BC,X9I 1L0,Canada,1387013,6,8,2384,4781
Sophia Sparshutt,57 Grim Terrace,Delta,BC,R1P 3B1,Canada,2904714,8,6,2754,2757
Niki Licari,731 Golf View Avenue,Burnaby,BC,C5Q 5C0,Canada,2595933,1,3,73,1286
Lorene Raisher,3541 3rd Road,Kamloops,BC,Q3Y 0G4,Canada,1199103,3,2,140,1596
Abba McGinn,8 Hoepker Alley,Surrey,BC,A0Q 8D6,Canada,2192915,7,6,744,4727
Harbert Mussared,456 Eagan Crossing,Coquitlam,BC,B1M 2J1,Canada,660661,0,6,460,4202
Gwenny Player,1893 Duke Junction,Delta,BC,T8U 6H3,Canada,2578323,0,4,442,4487
Kathryne Hardaway,83972 Springview Place,Chilliwack,BC,L4N 1A8,Canada,2443600,1,3,11,2380
Becky Charlson,5 Calypso Drive,Delta,BC,M4C 6O7,Canada,1716862,3,1,2617,2277
Kalie Goosey,7109 Londonderry Way,Richmond,BC,F8R 1S4,Canada,2027001,1,1,1005,2663
Thacher Bason,66 2nd Way,Prince George,BC,Z5B 9O9,Canada,2058391,3,8,1230,2904
Aldric Brimicombe,0 Prairieview Place,Delta,BC,X0I 5D0,Canada,2052025,3,1,2270,2940
Annalise Burgen,970 Sachs Junction,Abbotsford,BC,W9O 5H2,Canada,2900935,8,7,1025,3050
Sadella Scallon,6339 7th Plaza,Chilliwack,BC,P5C 2M7,Canada,430642,6,2,1412,1790
Yvette Ganforth,8777 Blue Bill Park Plaza,Kamloops,BC,O5D 4C1,Canada,1489890,6,1,2269,2394
Ernesto Janatka,2 Erie Parkway,Burnaby,BC,M9F 2N0,Canada,3097085,6,5,3390,1136
Elka Domnin,62893 Manitowish Junction,Vernon,BC,Z5C 2F0,Canada,1799143,4,7,594,1127
Jeannine Toten,39 Fallview Point,Kamloops,BC,Y1K 5K2,Canada,2356017,2,7,415,4085
Dalt Braid,102 Springs Center,Vernon,BC,S3A 2Q1,Canada,2758281,2,4,111,3023
Melisande Olexa,3 Susan Drive,Vancouver,BC,K7J 4X5,Canada,2387216,1,5,2452,3648
Mufinella Hynd,90538 Meadow Vale Trail,New Westminster,BC,Z2D 5G2,Canada,258514,4,6,3035,1229
Clarine Edworthie,11286 Anniversary Plaza,Chilliwack,BC,M2M 2S4,Canada,1932767,2,8,2566,1489
Carry Passo,5 Menomonie Junction,Chilliwack,BC,G1J 4O5,Canada,1485687,0,6,527,3515
Skippie Ferrone,6464 Harbort Plaza,Kamloops,BC,O0X 1U8,Canada,2489346,6,7,2786,2284
Rivkah Pracy,0510 Fisk Hill,Vernon,BC,E8B 1T5,Canada,2633378,6,3,2729,4243
Winthrop Hamberstone,656 Canary Circle,New Westminster,BC,S9C 8Y6,Canada,807844,8,0,1047,2855
Monah Edney,64168 Rigney Junction,Maple Ridge,BC,O7F 6J3,Canada,2106329,2,4,2695,4526
Arielle Himpson,7339 Melrose Junction,Kelowna,BC,Y0N 7Q2,Canada,672363,5,0,1307,606
Urban Baudi,1 Emmet Pass,Maple Ridge,BC,M0Y 1V2,Canada,866956,8,0,2991,1328
Justinn Hunday,5 Miller Lane,Vernon,BC,T6Y 7J6,Canada,559263,5,1,3235,4409
Efren Stringfellow,33833 Ruskin Trail,Kelowna,BC,U0Q 1E6,Canada,1008617,1,2,923,1323
Shauna Windows,9609 Summerview Lane,Abbotsford,BC,K0L 5Y1,Canada,2181693,8,6,1719,3238
Nanine Coyne,13893 Jenifer Street,Richmond,BC,D8I 1B7,Canada,1117195,3,4,2547,1676
Mariele Mateus,49816 Clyde Gallagher Street,Vernon,BC,N8T 0C8,Canada,2846404,2,7,267,2987
Nanice Ludye,5577 Crest Line Hill,Burnaby,BC,J2C 0S2,Canada,1518531,8,8,1848,1754
Kassey Castagnasso,6 Lunder Park,Kelowna,BC,T3O 1R9,Canada,1617339,4,4,350,1532
Sheff Attwood,88128 Northport Park,New Westminster,BC,N2J 1H8,Canada,1885867,3,5,3362,1934
Minni Olivari,4 Buena Vista Street,Nanaimo,BC,O9C 5R0,Canada,272018,1,5,2927,2691
Elva Stileman,03 Hollow Ridge Avenue,Kamloops,BC,S7H 4I8,Canada,2762768,8,7,3068,2620
Netta Ashelford,493 Vera Point,Vernon,BC,H3J 2Z8,Canada,1938523,6,5,1763,435
Hewet Shewery,3064 American Court,Kamloops,BC,M9Z 0S9,Canada,414406,6,6,63,4892
Moll Behnke,241 Sage Court,Abbotsford,BC,A9I 2R0,Canada,620474,3,8,856,4998
Glynis O'Duggan,802 Old Gate Park,Coquitlam,BC,O5W 0M9,Canada,1061171,4,4,123,4626
Nikos Krzysztof,6 Mandrake Lane,Vancouver,BC,C9S 2E0,Canada,2241273,2,2,2949,3772
Burt Cuddy,51598 Granby Place,Coquitlam,BC,M1U 7Z5,Canada,424132,4,1,1487,3800
Bernarr Davson,23 Sommers Alley,Prince George,BC,M8U 0O0,Canada,2879383,1,8,2096,3051
Janette Bathurst,571 Bartillon Crossing,Burnaby,BC,Z9J 7H5,Canada,942097,2,3,3014,2022
Keelby Andrasch,5915 Vidon Plaza,Victoria,BC,E7G 1L1,Canada,2723699,0,1,489,3875
Lauraine Buntin,60005 Warbler Alley,Kamloops,BC,X0D 5C5,Canada,3183456,7,6,685,3543
Marcellus Klagge,797 Gale Circle,Langley,BC,X0J 4R2,Canada,1062763,3,3,311,2511
Kathleen Garratty,6 Dayton Road,Kamloops,BC,I1H 5W6,Canada,320571,3,5,1898,1265
Culver Duesberry,76 Merrick Street,Vernon,BC,M7K 3V7,Canada,1249937,0,0,1717,3065
Sancho Mattusevich,6348 Roxbury Point,Richmond,BC,O0T 6L5,Canada,1430327,4,2,1317,3576
Jess Lyptrit,91 Mccormick Alley,Langley,BC,Q0A 1U8,Canada,1137064,8,0,3107,734
Budd Hendriksen,32 Becker Circle,New Westminster,BC,I2V 4B9,Canada,1738928,6,8,3209,931
Heinrick Sare,30230 Summit Hill,Langley,BC,U8F 9J6,Canada,1541386,2,3,1461,4201
Nana Partlett,7875 Redwing Junction,Richmond,BC,W9X 7A3,Canada,2456951,0,8,2752,4182
Heida de la Valette Parisot,6801 Ridgeway Plaza,New Westminster,BC,E5E 1J0,Canada,348381,5,6,2573,3060
Cedric Corter,90916 Kings Pass,Chilliwack,BC,P4Z 1K9,Canada,2340808,0,2,1767,3210
Prinz McEntagart,2840 Pennsylvania Drive,Chilliwack,BC,P9F 7K1,Canada,2585872,1,1,96,1563
Erda Skamell,0 Cody Plaza,Vernon,BC,A9W 0G1,Canada,1474119,8,7,1622,1566
Meris Blanket,3838 American Junction,Surrey,BC,L4A 1K3,Canada,3104961,1,3,2348,1777
Amelia Douglass,652 Dahle Parkway,Maple Ridge,BC,A2U 9K4,Canada,237446,6,7,751,1580
Hermann Gollop,52 Raven Park,Burnaby,BC,P9U 0R6,Canada,1386636,4,6,2141,2774
Kerwinn Chesters,8 Bluestem Lane,Coquitlam,BC,N7N 9I9,Canada,235920,2,7,1462,1801
Sharity Stout,30 Morning Crossing,Kelowna,BC,C3G 6O5,Canada,1340427,6,7,2655,358
Raimundo Alchin,9 Pankratz Junction,Vancouver,BC,F1X 0L4,Canada,2868426,7,2,2964,2926
Shaylyn Tace,3479 Roxbury Lane,Abbotsford,BC,L0H 7D8,Canada,1691911,6,3,2528,4636
Decca Furze,86340 Autumn Leaf Center,Richmond,BC,R9Y 7A1,Canada,505061,8,5,2851,2683
Dar Hawke,3 Scoville Parkway,Kamloops,BC,K1Y 8N7,Canada,1458637,8,8,944,2210
Ivie Bowering,5 Lotheville Alley,Prince George,BC,X5N 8Q1,Canada,2388900,4,6,2364,2238
Manuel Spon,04707 Logan Pass,Delta,BC,D5D 9Q5,Canada,1123024,0,8,2436,4987
Willi Garken,76291 Hooker Alley,Burnaby,BC,X7T 5M5,Canada,2960536,0,5,2285,2406
Bailie Nuscha,009 Bobwhite Point,Delta,BC,A6B 1V2,Canada,3086031,5,1,780,3984
Shandee Rainsden,54400 Longview Point,Vernon,BC,X4K 2I1,Canada,1788443,8,4,2959,394
Lindie Orehead,89587 Menomonie Lane,Maple Ridge,BC,H7D 2D1,Canada,3180427,1,2,359,3330
Tremayne Napoleon,092 Old Gate Crossing,Victoria,BC,G7I 3O1,Canada,2817517,1,3,635,2706
Edik Le Page,3 Norway Maple Crossing,Delta,BC,B3S 3J3,Canada,1838859,5,3,1641,1482
Brew Habbeshaw,7251 Coolidge Point,Surrey,BC,I5Q 2T1,Canada,2748575,2,6,1714,3183
Enrika Cope,1788 Express Plaza,Vernon,BC,E5Y 8X7,Canada,2505088,8,0,3084,2338
Ursulina Redfern,7665 Briar Crest Lane,Victoria,BC,C4S 0J2,Canada,2592592,3,2,1801,493
Avivah Glossop,6 Mallory Street,Nanaimo,BC,A0H 1S7,Canada,2409061,0,5,1268,3008
Gustaf Urion,9 Glendale Circle,Richmond,BC,W9D 0P1,Canada,2827443,5,2,1745,3600
Elene Coye,19417 Westport Court,Kelowna,BC,Z4C 1L3,Canada,1041434,6,0,2376,4538
Briano de Aguirre,5 Truax Road,Langley,BC,Y1W 2W6,Canada,1348801,2,6,1625,3366
Pasquale Redmayne,7 Dovetail Court,Abbotsford,BC,R4U 7H6,Canada,2054800,1,6,709,1940
Dulsea Hancill,11 Alpine Road,Abbotsford,BC,J5Q 0U7,Canada,2094253,6,4,2376,4215
Pate Videneev,82060 Towne Road,Victoria,BC,O0X 8F1,Canada,2099630,7,3,1211,2957
Carney Helstrip,29213 Forest Run Court,Victoria,BC,E6E 3Y3,Canada,455999,6,1,598,4707
Adriaens Kenshole,85 Truax Terrace,Burnaby,BC,V2T 0R9,Canada,3102895,3,2,1579,659
Rawley Gellan,13 Petterle Place,Langley,BC,H9A 3W6,Canada,474641,5,8,973,2135
Legra Wyllcock,3 Spohn Trail,Vancouver,BC,M7E 9G5,Canada,1872877,5,6,1955,4530
Anestassia Puckett,27784 Mallard Trail,Maple Ridge,BC,S6S 6S1,Canada,2727590,7,3,2680,1712
Ashlie Menichelli,9 Nevada Lane,Nanaimo,BC,V1P 8B2,Canada,1463488,2,2,284,2519
Karil Heardman,585 Fulton Court,Kelowna,BC,L0B 9W8,Canada,400195,8,7,1704,3661
Annadiane Parrin,00 Thompson Point,Prince George,BC,K3W 0L7,Canada,776554,3,0,668,3490
Dougie Bruckmann,66 Fairfield Way,Kelowna,BC,Q4B 6M3,Canada,1695680,3,0,315,1198
Tobi Madrell,55270 Barby Street,Vernon,BC,T0F 6X4,Canada,828193,6,7,1681,3368
Freddie Costerd,38760 Hollow Ridge Place,Nanaimo,BC,N9L 0R4,Canada,3006884,2,1,2385,3197
Coleman Clitheroe,079 Hanover Court,Kamloops,BC,K3W 9K8,Canada,578342,5,1,847,2784
Vernice Culverhouse,317 Meadow Valley Road,Nanaimo,BC,W5S 1E8,Canada,2301980,5,6,873,3225
Fraze Screeton,0 Briar Crest Parkway,Vernon,BC,C1J 7M5,Canada,2920705,7,0,915,4517
Kareem Grouer,58582 Orin Street,New Westminster,BC,J9N 0E3,Canada,1936221,2,1,1459,2558
Mead Matchitt,249 Upham Park,Burnaby,BC,T8I 2S7,Canada,1224027,4,5,3271,3668
Ciel Form,1207 Gulseth Terrace,Coquitlam,BC,X8B 6Z4,Canada,1833696,5,6,384,823
Catrina Pittem,78 Roxbury Park,Kamloops,BC,R0L 6P3,Canada,1741787,3,8,644,874
Grover Ramel,90 Graceland Avenue,Richmond,BC,A1X 8G8,Canada,950135,1,2,1574,672
Elladine Dewes,91296 Leroy Road,New Westminster,BC,N9U 3Y9,Canada,2178799,7,7,2074,3507
Stacy Lafferty,82655 Bay Way,Langley,BC,A1I 3H7,Canada,1380064,0,1,2868,3543
Kristal Fullalove,8965 Bunker Hill Way,Abbotsford,BC,O9G 4W4,Canada,3188151,3,3,1615,2753
Sindee Bradburn,5146 Menomonie Way,Surrey,BC,K3L 4J1,Canada,923788,2,8,2302,863
Allina Stickel,0 Mendota Street,Burnaby,BC,X0O 7R5,Canada,735715,1,6,1272,1817
Orran Pennycock,762 Mallory Road,Victoria,BC,A0H 8O4,Canada,3111304,3,8,2667,3624
Cherish Wyard,388 Huxley Place,Coquitlam,BC,S0P 0F4,Canada,3125307,1,4,2395,4330
Chico Withams,95 Vidon Parkway,Coquitlam,BC,V1I 2U5,Canada,1809562,5,1,3405,1500
Anette Edgworth,7 David Junction,Vancouver,BC,V3X 5Q1,Canada,1595797,7,0,1995,1448
Gerrie Wimms,790 Dwight Street,Abbotsford,BC,X5T 1Q1,Canada,601303,0,2,1647,2061
Elisha Rawlin,71 Forest Run Park,Maple Ridge,BC,X2B 6M6,Canada,702293,7,0,3416,4903
Tailor Maceur,18580 Heath Hill,Kamloops,BC,D1L 5E7,Canada,583327,3,7,2525,941
Ginger Bristowe,3 Scoville Avenue,New Westminster,BC,U6L 7R5,Canada,760063,1,5,520,2287
Ode Wasylkiewicz,752 Cody Pass,Burnaby,BC,R6N 9L4,Canada,3130011,5,4,2076,3316
Ham Wickersley,82138 Fremont Park,Vancouver,BC,H9G 3V0,Canada,1173506,8,8,157,1886
Ketty Skeat,1513 Macpherson Alley,Kamloops,BC,R9W 2N5,Canada,995748,0,4,2790,3232
Orsola Newrick,97 Norway Maple Pass,Kamloops,BC,A9H 9P3,Canada,3139659,8,7,464,1370
Clark Coneybeare,2 Truax Road,New Westminster,BC,U4E 0Y2,Canada,550706,0,2,3015,1908
Shellysheldon Rosengren,284 Debra Drive,Kelowna,BC,S2O 6U4,Canada,2609622,3,6,1600,4559
Gisela De Bruin,002 Ilene Trail,Victoria,BC,J5H 1O9,Canada,1368867,4,5,793,3671
Heath Eldershaw,54 Grim Center,Langley,BC,K4Y 5S9,Canada,1390255,7,6,2001,950
Gussie Esposita,372 Merrick Alley,Kamloops,BC,Q0N 2G4,Canada,1742031,2,5,1063,715
Garnette Kunat,17661 Artisan Crossing,Burnaby,BC,W6W 7R9,Canada,3049019,1,1,1738,4246
Thalia Dillinton,5 Corben Junction,Kamloops,BC,D7A 5S4,Canada,1812653,5,4,1356,2430
Jonathon Kerrich,35 Lakewood Park,Vancouver,BC,M4D 4W6,Canada,1576754,8,5,1385,4851
Pansy Knightly,8452 Sunfield Crossing,Burnaby,BC,F8F 4G8,Canada,777400,1,2,2434,4026
Leia Dunderdale,17324 Dayton Avenue,Chilliwack,BC,U8D 3E7,Canada,3152499,7,5,2766,4822
Franky Rapley,191 Vernon Street,New Westminster,BC,V1S 5E3,Canada,431320,4,8,1374,4300
Rick Ondrousek,22012 Forest Run Crossing,Langley,BC,Q6W 4G9,Canada,858396,6,6,2676,3270
Carol Dolbey,9 Oak Valley Trail,Nanaimo,BC,X3D 1J6,Canada,2710664,6,8,1276,1129
Katee Wybourne,12 Browning Lane,Vernon,BC,I8F 3J2,Canada,1009845,8,4,1719,4731
Callean Trasler,04215 Eagle Crest Alley,Surrey,BC,V9K 6N5,Canada,836594,5,1,815,2983
Mathe Keddey,4 Harper Trail,Richmond,BC,N6N 3V2,Canada,2871624,7,6,1840,1308
Catina Matiewe,46859 Calypso Terrace,Surrey,BC,O8K 4B9,Canada,710007,7,6,2641,4641
Darnell Tall,5454 Shopko Lane,Maple Ridge,BC,K6X 3H6,Canada,1475316,8,6,1556,3217
Karol McGeffen,04076 Arapahoe Lane,Kamloops,BC,G1T 3H9,Canada,781272,5,6,140,815
Bee Hollow,8 Schlimgen Alley,Abbotsford,BC,R0L 0L3,Canada,675883,1,3,197,3653
Byron Di Giacomettino,4755 Tony Street,Burnaby,BC,I4V 6I0,Canada,2145734,8,1,796,730
Northrup Yewman,968 Roxbury Junction,Surrey,BC,C1X 3F7,Canada,1755436,3,5,2240,494
Arline Scouse,9 Badeau Trail,Kelowna,BC,S1M 7K0,Canada,2014779,8,1,3066,2642
Inna Mahoney,77705 Veith Avenue,Kelowna,BC,T5C 3S6,Canada,1380747,1,7,1832,851
Priscella Bishop,167 Sunbrook Road,Vernon,BC,J4J 8H1,Canada,1024014,5,8,2823,2921
Elfrieda Loughlan,5185 Brentwood Parkway,Victoria,BC,I9X 5R8,Canada,1613983,4,1,491,3200
Connie Elks,97150 Holmberg Terrace,Nanaimo,BC,T1A 9R9,Canada,1673687,5,1,182,739
Glory Deakan,2 Pierstorff Point,Vancouver,BC,E5C 9N1,Canada,754815,7,6,1401,4176
Aprilette Rosenstock,85603 Corry Drive,Burnaby,BC,Z2L 6E5,Canada,334373,1,0,2001,3610
Selestina Nesbeth,28936 Towne Pass,Maple Ridge,BC,O2D 8B4,Canada,1947465,1,1,259,1581
Babb Hrachovec,77707 Mccormick Park,Vancouver,BC,P0U 2W9,Canada,2965821,0,1,1520,2751
Hermia Cromar,303 Butternut Plaza,Chilliwack,BC,A6D 2A5,Canada,2380617,1,5,2759,1416
Lindsey Tallowin,153 Sloan Lane,Victoria,BC,N6W 7A1,Canada,941174,8,5,2146,4966
Cynthy Armer,908 Rieder Plaza,Langley,BC,H3O 1O5,Canada,906732,4,6,2303,2872
Timothea Flight,269 Lindbergh Parkway,Prince George,BC,Q4G 9U1,Canada,2997475,8,0,755,2880
Lorna Peltz,82538 Hauk Parkway,Kamloops,BC,D4C 2P3,Canada,2121641,4,8,3267,2929
Averill Ventum,802 Bayside Terrace,Coquitlam,BC,O8J 5R9,Canada,1537514,6,8,296,1866
Tremain MacFall,82732 Delladonna Terrace,Kelowna,BC,Z8L 6Z8,Canada,2761545,8,8,101,4942
Agace Janicek,8 Orin Lane,Chilliwack,BC,A1E 8Z6,Canada,1122800,1,0,1721,2354
Glennis Liddyard,83 Bashford Crossing,Maple Ridge,BC,U3N 9C3,Canada,624995,5,5,1551,1465
Jocelyne Ramsden,44477 Clarendon Drive,Victoria,BC,E3F 2I6,Canada,1904662,2,5,433,3705
Percival Arnaudon,64 Johnson Terrace,Vernon,BC,X4E 0W6,Canada,1252014,2,3,169,4772
Jeremiah Iddens,6903 Stoughton Avenue,New Westminster,BC,Y2X 5E5,Canada,3025641,3,0,551,3244
Antonino Greenham,21546 American Ash Parkway,Nanaimo,BC,C6Y 4M8,Canada,250759,5,0,2420,640
Erda McCrainor,4 Surrey Street,Victoria,BC,X9K 4D5,Canada,1392801,8,8,176,3985
Markos Verrill,40124 Corben Parkway,Prince George,BC,A7T 7S8,Canada,1426095,6,0,2399,413
Phil Overshott,9233 Reindahl Circle,Langley,BC,S5U 3Y1,Canada,1223657,3,6,2126,1436
Chris Bartolomeu,9 Monica Street,Surrey,BC,Q7U 0Q7,Canada,3050411,6,4,2225,2664
Merna Tatterton,5547 Eastwood Crossing,Chilliwack,BC,R9Q 2U1,Canada,1384607,1,2,1502,2146
Rickie Crone,0266 Lakewood Gardens Point,Maple Ridge,BC,V9F 7B0,Canada,3116075,1,5,3087,2790
Ailey Featherstone,833 Garrison Parkway,Richmond,BC,I5X 9J4,Canada,812277,5,4,1467,3002
Edmon Knocker,807 Jenifer Junction,Burnaby,BC,U4F 6V6,Canada,1716116,7,0,2790,2653
Yancey Kuhlen,5135 Mccormick Pass,Vancouver,BC,X5Z 0X2,Canada,2087219,5,2,917,4322
Enrika Dalliwater,1 Holmberg Junction,Vancouver,BC,F4P 6T1,Canada,960551,3,0,311,4807
Robinia Bulfield,95068 Roxbury Place,Kamloops,BC,L7Q 0P3,Canada,785498,4,4,3163,2918
Anica Cathel,4816 Heffernan Way,Delta,BC,V7H 6K6,Canada,1841865,8,2,2567,715
Burgess Featherstone,78933 Del Mar Center,Kamloops,BC,M7Z 5Q8,Canada,1445433,0,0,3228,3976
Renato Heindrich,73 Pankratz Place,Delta,BC,X0F 8L8,Canada,3132085,1,2,499,4762
Ardeen Collcott,5591 Veith Trail,Kelowna,BC,Q7R 9C5,Canada,2039691,8,5,3020,1856
Reese Mays,4 Packers Center,Prince George,BC,K1B 2T4,Canada,431881,7,8,1231,3992
Katlin Geertz,1 Moland Court,Chilliwack,BC,O2Y 4V5,Canada,2695864,5,5,2042,2804
Meara McIlroy,3736 6th Road,Victoria,BC,S9S 1V5,Canada,1045647,3,4,2332,3093
Melli Mourge,03479 Packers Drive,Delta,BC,K3E 1X6,Canada,382522,3,8,1104,1992
Clyve Shah,95641 Stephen Road,Abbotsford,BC,W5T 9Z4,Canada,2988973,0,7,965,4975
Salem McLaine,28 Thackeray Park,Maple Ridge,BC,Q1P 5H1,Canada,1650032,4,5,2611,3179
Faythe Standring,323 Graceland Trail,Nanaimo,BC,A5G 5K0,Canada,2370571,0,3,3300,884
Lennie Flaxman,9 Nelson Court,Delta,BC,J1J 9C7,Canada,2244618,5,6,2285,1155
Erma Neilson,73005 Oxford Park,Burnaby,BC,H9M 6B3,Canada,925982,3,0,3372,4796
Bernhard Lanphier,39 Grayhawk Alley,Victoria,BC,D5H 7Z7,Canada,2267135,1,0,791,3077
Allayne Sallowaye,949 Erie Hill,Richmond,BC,K5R 1L0,Canada,2103299,2,6,1369,359
Eartha Ketteridge,1512 Hintze Way,Vernon,BC,O5Z 4L5,Canada,684253,3,1,2707,2588
Jabez Picopp,91558 Everett Point,Nanaimo,BC,D7J 3O9,Canada,753030,3,4,1735,811
Maiga Rosewarne,56 Sloan Lane,Burnaby,BC,T0W 6W0,Canada,1125247,2,3,2522,1559
Hilarius Westnage,8 Sunnyside Parkway,Victoria,BC,C1S 6G8,Canada,3143769,3,7,1325,4425
Corinne Seeds,5 Schmedeman Park,Vernon,BC,F0K 2X7,Canada,1618432,8,3,2801,4892
Hamilton Bold,3 Grayhawk Trail,Delta,BC,E6G 7K8,Canada,214730,4,8,1606,2727
Jacquenette Tarren,14165 Anhalt Place,Richmond,BC,B4X 6N5,Canada,2472190,2,7,1316,2297
Ethe Kunkel,0 Myrtle Road,Vancouver,BC,C6S 4L8,Canada,589020,7,5,434,1893
Carlos Bentke,91 Hintze Crossing,Richmond,BC,R3E 2M3,Canada,1115129,6,8,1514,1028
Oralle Sneezum,3926 Sugar Hill,Prince George,BC,E6J 8B8,Canada,273257,8,1,3399,3782
Friederike Larmor,9380 La Follette Street,Victoria,BC,M7N 3O9,Canada,1766864,7,4,60,3980
Norrie Sterke,25 Browning Court,Richmond,BC,K7R 6D3,Canada,2793776,7,7,573,1546
Herculie Gallimore,8 Morrow Street,Vernon,BC,E6O 9O4,Canada,1804640,7,8,1191,686
Caspar Bowry,08075 Wayridge Trail,Langley,BC,K2Z 4D1,Canada,3037906,5,7,2961,2317
Janka Siegertsz,92754 Carey Circle,Richmond,BC,P6T 7Y9,Canada,2765189,2,1,1823,4045
Dacy Brittlebank,8 Paget Point,Maple Ridge,BC,U3Z 9J0,Canada,777129,7,6,2393,1116
Brittne Knocker,978 Oxford Street,Vernon,BC,Y4E 9H1,Canada,895786,4,8,245,843
Scarlett Evison,45878 Dexter Point,Langley,BC,Q5X 3S8,Canada,1269845,1,0,1691,798
Billie Weiner,4 Corscot Circle,New Westminster,BC,J9D 1X0,Canada,962840,6,2,2380,1031
Noll Duley,9856 Killdeer Hill,Vernon,BC,O1M 4Y3,Canada,749399,3,4,66,4186
Gwennie Fearnyhough,697 Oak Valley Parkway,Vancouver,BC,O1Q 8L4,Canada,1619711,0,1,866,1904
Betsy Currer,8 Warrior Center,Maple Ridge,BC,Z6K 2O7,Canada,2643816,2,5,1251,2512
Vanna Piers,362 Sutteridge Plaza,Coquitlam,BC,A3K 6A0,Canada,627985,5,8,2826,1459
Ferris Bellord,9115 Claremont Trail,New Westminster,BC,R7D 4K9,Canada,1346423,8,0,1702,1235
Shela Bautiste,9 Morningstar Pass,Prince George,BC,W3J 5F3,Canada,3152334,0,1,3388,2397
Yettie Conyard,08678 Manley Way,Prince George,BC,N2K 2T9,Canada,2032010,1,7,3178,3285
Andie Farney,3 Ridgeway Point,Vernon,BC,F0F 3S9,Canada,3022853,2,2,3213,1463
Greer Slatcher,459 Holy Cross Plaza,Prince George,BC,C2C 3I4,Canada,692186,8,2,2754,3201
Aimil McCue,8812 Hayes Place,Nanaimo,BC,I0A 8E3,Canada,2253535,1,7,2779,3918
Clemmy Rosenkranc,5 Mockingbird Road,New Westminster,BC,O3J 8S6,Canada,694341,0,0,2791,3380
Gilemette Pound,6821 Judy Terrace,Langley,BC,H5W 3R9,Canada,1019668,6,8,471,4704
Sydney Antcliff,8641 Canary Drive,Maple Ridge,BC,X2U 7R4,Canada,2680918,5,2,2091,1369
Darby Sperski,6 Browning Avenue,Victoria,BC,N0W 5Y8,Canada,2494354,5,4,2883,2816
Ellette Tredinnick,9981 Tennyson Point,Richmond,BC,U0W 0G0,Canada,2611581,3,0,344,3092
Leonelle Sowley,659 Manufacturers Place,Richmond,BC,R5V 7X5,Canada,1757914,0,6,1635,450
Tuesday Collisson,2 Mesta Trail,Burnaby,BC,G5M 6S0,Canada,2356912,8,6,2417,4059
Julietta Aldham,27 Larry Junction,Abbotsford,BC,O4L 1L0,Canada,2468273,5,3,606,3760
Dermot Cadlock,54 Moland Center,Nanaimo,BC,Q7M 2R4,Canada,1930819,4,8,2986,2324
Quillan Walrond,52 Nelson Place,New Westminster,BC,E8N 7Z6,Canada,2192858,3,3,2666,3031
Kaela Bumpus,52866 Northview Park,Coquitlam,BC,Z8W 1Y3,Canada,2431418,7,1,2350,1012
Oswell Galvin,06 Bayside Hill,Vancouver,BC,L3I 4A8,Canada,284594,3,2,3350,4960
Norton St. Quintin,27 Brickson Park Way,New Westminster,BC,L6W 0N3,Canada,1092246,3,7,2050,2382
Merry Wiltshear,612 Rigney Point,Vancouver,BC,U7D 0H3,Canada,1993220,4,7,923,1987
Denice Chippindall,80 2nd Alley,Chilliwack,BC,B0O 3Y7,Canada,543598,2,3,1142,594
Alonso Galtone,29672 Bellgrove Court,Nanaimo,BC,X0X 2X4,Canada,2132331,8,2,792,2161
Chev Willoway,03 Springs Pass,Surrey,BC,F0P 7L9,Canada,2027465,1,2,2935,2014
Nyssa Joppich,4837 Tomscot Trail,Delta,BC,R5K 3C0,Canada,2296263,5,4,2888,2305
Billie Reford,1 Dapin Alley,Kamloops,BC,D1G 1K2,Canada,2359766,1,6,2994,2759
Sergent Marryatt,7907 Kingsford Lane,Langley,BC,N7N 8T8,Canada,1531537,1,6,3047,985
Mechelle Silbert,19884 Rieder Alley,Chilliwack,BC,G5S 9U4,Canada,647823,2,8,2338,2618
Billie Kubicka,57 Heath Road,Nanaimo,BC,R0M 6A5,Canada,265009,6,1,1693,4156
Roland Button,5 Summer Ridge Plaza,Surrey,BC,F6V 0T2,Canada,1142970,4,3,2525,4616
Lenora Addionisio,48 Rusk Lane,Nanaimo,BC,R3T 6O9,Canada,717631,0,0,835,3090
Leon Duffill,2 Melrose Terrace,Kelowna,BC,A8V 7Z2,Canada,659469,3,7,2778,4278
Elinore Matejovsky,3668 Northridge Center,Abbotsford,BC,B1E 5M5,Canada,338297,5,2,2438,2343
Galvan Leneve,5 Steensland Hill,Burnaby,BC,U5E 8B1,Canada,2341039,5,5,674,455
Betty Karadzas,8815 Kings Park,Prince George,BC,L6G 4L8,Canada,2521133,3,2,2435,4486
Rebe Crookall,36 Heffernan Place,Maple Ridge,BC,U8Y 0L2,Canada,2193081,4,6,460,2506
Faustine Romushkin,15321 Spohn Terrace,Prince George,BC,H3U 5E3,Canada,1400600,4,5,3299,918
Honor Whyberd,2 Division Junction,Vernon,BC,N7O 1W6,Canada,1390618,1,2,3422,1425
Angeline Fyndon,1516 Prentice Trail,Prince George,BC,D7F 0M8,Canada,1271163,2,1,570,1136
Janeva Emma,96 Loftsgordon Parkway,Vancouver,BC,V8G 8F2,Canada,1812371,0,6,2969,1632
Clare Eastcourt,238 Forest Junction,Chilliwack,BC,Z0L 8K1,Canada,2408510,7,5,288,1830
Selina Sherewood,2694 Barby Circle,Vernon,BC,H9L 7G0,Canada,2316504,7,8,3126,4908
Gray Monkman,5 Dunning Junction,Richmond,BC,M1U 3L1,Canada,2747656,2,3,1356,4338
Addie Gravett,24246 Gerald Lane,Nanaimo,BC,H1Q 4U2,Canada,1296144,1,2,3006,2045
Brice Loddon,83843 North Crossing,Langley,BC,O8J 3H3,Canada,2637578,2,5,1856,428
Halette Dutnell,6174 Anniversary Way,Surrey,BC,X3Z 7R3,Canada,3089294,7,7,2265,3243
Liva Hackleton,0 Vernon Hill,Langley,BC,Z2H 7P4,Canada,2871447,1,6,1504,2823
Hobey Robinet,37 Beilfuss Plaza,Prince George,BC,O4B 0M0,Canada,390687,3,8,3221,3142
Ingemar Corro,437 Talmadge Avenue,Victoria,BC,V5D 2I4,Canada,331790,5,6,2681,1586
Batsheva Fairweather,6 Shoshone Hill,Burnaby,BC,V7T 6Z2,Canada,1521568,8,6,1786,4812
Templeton Alsop,0682 Duke Lane,Kamloops,BC,R8S 7W9,Canada,2626187,0,1,3355,4079
Gui Di Ruggero,5 Arrowood Place,Langley,BC,E8X 2O1,Canada,1756297,7,2,1945,675
Celka Audry,90 Evergreen Center,Delta,BC,U8R 1Y3,Canada,2607693,1,0,1125,3205
Maureene Benditt,04 Alpine Drive,Prince George,BC,G0G 2F9,Canada,3151574,7,5,1453,4964
Madel Dixon,3900 Moulton Place,Kamloops,BC,S3E 6C9,Canada,1786940,3,4,1184,1651
Burton Bellee,2317 Forster Park,New Westminster,BC,N3I 1V9,Canada,2488306,7,5,1047,956
Dwain Osipenko,6061 Jackson Circle,Coquitlam,BC,N8C 9K2,Canada,3154381,2,7,2057,1849
Bunnie Folini,628 Clarendon Center,Kamloops,BC,O4W 1X9,Canada,708538,5,4,305,2704
Early Glewe,59816 Lunder Way,Langley,BC,K3K 4I0,Canada,1318720,2,3,739,3127
Alexandro Byne,4294 Center Road,Surrey,BC,U8A 6G0,Canada,2791511,7,4,190,2201
Josee Laudham,79 Bellgrove Court,Victoria,BC,Y7D 8O4,Canada,916546,7,4,670,4615
Rozelle Midson,15 Swallow Hill,Victoria,BC,D3X 5P4,Canada,1894389,8,4,1258,3169
Tamma De Cristoforo,72542 Graedel Street,Prince George,BC,H4O 1B2,Canada,2536720,4,8,2427,1310
Mile Reinmar,2541 Jenna Center,Kelowna,BC,H2Q 7U4,Canada,650214,3,4,1051,3186
Freeman Gniewosz,6637 Fairview Trail,Victoria,BC,T2W 2L6,Canada,835423,8,6,1706,1529
Stacy Chartres,745 Knutson Pass,Abbotsford,BC,U4A 5M1,Canada,1581680,7,1,21,4688
Eartha Hurdle,5799 Troy Road,Kamloops,BC,D5R 1H6,Canada,258284,1,8,3128,4398
Hayward Kilfedder,94196 Huxley Plaza,Abbotsford,BC,N2K 9E2,Canada,709000,6,4,2480,2401
Simonne Livard,39181 Sauthoff Crossing,New Westminster,BC,W4Q 6M6,Canada,555309,1,7,688,3571
Nydia Durkin,04 Carberry Center,Vancouver,BC,K5P 0L0,Canada,2525641,5,6,1607,1445
Ichabod Wooffitt,53938 Bluejay Pass,Surrey,BC,G0J 5X2,Canada,1901771,7,5,120,1426
Florence Stafford,70 Roth Point,Langley,BC,N7A 1L8,Canada,1442878,6,0,3119,1062
Merell Daftor,3420 Commercial Plaza,New Westminster,BC,L6O 3B7,Canada,2408015,3,5,839,721
Loni Shire,33639 Garrison Alley,New Westminster,BC,F5Z 5F8,Canada,1974489,1,2,2085,2277
Brendin Schusterl,334 Katie Street,Coquitlam,BC,V1S 7C0,Canada,2192091,7,1,1156,822
Mitch Litchfield,635 Reindahl Crossing,Richmond,BC,W7G 5G3,Canada,2637515,3,6,2649,3835
Tobit Spoward,0664 Merrick Street,Burnaby,BC,O3U 4M8,Canada,2285049,7,3,2330,2858
Andrea Orteu,94807 Harper Park,Kelowna,BC,J5C 8E8,Canada,1519902,1,7,381,624
Elianore Degg,9548 Arkansas Point,New Westminster,BC,C2I 8H6,Canada,827437,5,8,647,1947
Lincoln Vossing,6208 Veith Place,Prince George,BC,D2R 3J6,Canada,640815,7,4,0,620
Sergei Minillo,132 Di Loreto Drive,Richmond,BC,I1N 0J9,Canada,2933331,4,5,2809,1332
Thorpe Feathersby,96 Stoughton Circle,Surrey,BC,H8R 5L3,Canada,2535818,5,1,3289,3824
Cecelia Lobe,4 Farmco Junction,Delta,BC,X0C 1U5,Canada,2170129,3,4,1454,2413
Joel Mac,6696 Summer Ridge Road,New Westminster,BC,X4A 5R0,Canada,719916,1,1,696,4249
Dallas Lomb,562 Brown Parkway,Richmond,BC,F6C 5Y9,Canada,418197,8,1,1377,998
Ranna Dittson,7 Melody Point,Burnaby,BC,P0A 1H7,Canada,2617101,5,7,3206,848
Ninon Guiu,56 Summer Ridge Hill,Maple Ridge,BC,G2N 6M9,Canada,1690928,5,6,848,3438
Nickola Mattschas,78 Fulton Crossing,New Westminster,BC,J3P 4O7,Canada,927371,6,7,87,2855
Cecilius Padillo,8 Arkansas Pass,Chilliwack,BC,E4Y 0C2,Canada,3038462,8,4,383,1762
Lainey Caen,9 David Park,Delta,BC,V6A 9Y7,Canada,1946230,5,3,722,3509
Roarke Harflete,23 Spaight Point,Burnaby,BC,Q0M 5U6,Canada,2561004,1,4,1766,1241
Talbot Devonshire,02 Aberg Way,Coquitlam,BC,M4P 3D2,Canada,2990843,6,6,953,2263
Tatiana Valsler,08247 Saint Paul Terrace,New Westminster,BC,W6E 3Y9,Canada,3104875,6,8,3065,2278
Tiffi Whitaker,91335 Katie Junction,Abbotsford,BC,Z0I 5N7,Canada,3177090,7,4,1663,2394
Dayle Prescot,25 Fulton Pass,Burnaby,BC,U0B 1Z1,Canada,1524225,3,0,1384,3300
Neille Heighton,0 Judy Way,Delta,BC,D7R 0B5,Canada,2659643,8,4,1509,2766
Kevon Kacheler,1515 Jay Parkway,Surrey,BC,N6H 8X7,Canada,629862,5,4,1113,4467
Peirce Weekland,1954 Susan Point,Langley,BC,A6M 9Y6,Canada,957989,4,2,2448,2826
Eddi Gerry,60482 Vera Crossing,Kelowna,BC,O5S 9Z0,Canada,881081,6,3,945,2933
Concordia Lethebridge,0168 Autumn Leaf Trail,Delta,BC,A0V 8K3,Canada,560421,6,0,1427,2774
Deanne Gudger,41236 Buhler Pass,Burnaby,BC,Z9C 1I5,Canada,436125,2,5,2444,885
Ddene Bedbrough,768 Stoughton Lane,Delta,BC,Z8G 0T5,Canada,1163185,2,0,1295,1633
Trefor Porter,60 Spaight Center,Maple Ridge,BC,M4S 5X2,Canada,1440644,5,8,1484,4603
Franny Coalbran,135 Eggendart Pass,New Westminster,BC,I5F 2B3,Canada,2938616,1,4,1446,3043
Kerstin Bedell,040 1st Parkway,Maple Ridge,BC,E8N 0Y0,Canada,2781327,3,0,1449,2001
Vittoria Yakovitch,2979 Bashford Park,Kamloops,BC,V1D 8Q4,Canada,2704712,1,7,1512,2971
Myrle Fogel,9 Knutson Hill,Prince George,BC,K7Y 0K9,Canada,1254151,8,4,230,2097
Ingeborg Gockelen,3270 Boyd Point,Maple Ridge,BC,R0B 8S4,Canada,1430028,7,4,2591,1519
Sawyere Garred,27 Del Sol Trail,New Westminster,BC,C4R 6D9,Canada,2716916,1,1,2919,2846
Wayland Blevin,33048 La Follette Terrace,Richmond,BC,V9U 3S3,Canada,260880,6,5,1630,2789
Mose Handrahan,1164 Maple Parkway,Richmond,BC,G2K 2O4,Canada,2650213,0,2,1347,4011
Rina Milligan,469 7th Junction,Kamloops,BC,F7S 0M4,Canada,2092521,6,3,1515,1838
Helga Cops,88 Mendota Pass,Langley,BC,S7R 3T2,Canada,2136958,1,1,1255,4287
Dody Hearn,808 Cody Court,Surrey,BC,A5O 5Y7,Canada,1318724,3,3,2126,1006
Sarene Glasper,37373 Evergreen Circle,Vancouver,BC,Y3B 4T6,Canada,2194591,2,8,2956,4764
Theodora Le Franc,8 Quincy Avenue,Kelowna,BC,F2A 4O6,Canada,2821285,5,8,381,1291
Renie Willgoss,54131 Columbus Hill,Burnaby,BC,Y5S 4L2,Canada,2873899,4,7,2635,2541
Alon Dank,8 Bowman Road,Kamloops,BC,M4I 3R2,Canada,264848,1,7,342,3211
Pattie Dudin,1 Annamark Pass,Prince George,BC,P9Y 5Z5,Canada,2975831,2,0,945,1193
Aylmer Marvell,94 Buhler Street,Kelowna,BC,R9N 7X1,Canada,2520672,5,2,2803,2099
Annemarie Mingus,45 Starling Alley,Maple Ridge,BC,D5N 2Z6,Canada,424169,2,5,2316,2747
George Dwyer,2080 Lakewood Drive,Chilliwack,BC,D8Z 0U3,Canada,2367454,8,7,3395,2624
Vanya Pinckstone,8025 Mallory Plaza,Nanaimo,BC,B0R 5A7,Canada,1846177,1,4,513,1615
Analise Nardoni,585 Declaration Alley,Kamloops,BC,W0A 4F1,Canada,857778,8,5,1972,2153
Francklyn Wrotham,422 Sullivan Parkway,Coquitlam,BC,S4P 4C0,Canada,422468,1,2,943,1214
Ronna Bettam,1358 Fisk Way,Maple Ridge,BC,F7B 0N8,Canada,2683083,2,2,1449,2934
Rafi Tolchard,4214 Porter Avenue,Richmond,BC,D6Z 2K4,Canada,2091183,2,1,2327,3037
Eddy Lincey,5 Southridge Court,Vernon,BC,F2M 8V4,Canada,1056308,5,3,1531,4768
Sharline Lawrinson,26237 Buell Place,Abbotsford,BC,W9H 3P3,Canada,1648384,1,2,106,3086
Roby Scotchmur,4985 Magdeline Way,Burnaby,BC,V9R 4L5,Canada,2446627,1,7,520,1324
Dev Harlock,40853 Fieldstone Hill,Prince George,BC,N2C 9C1,Canada,2127419,2,1,3100,1657
Alfonso Keniwell,435 International Terrace,Surrey,BC,S1Y 4V9,Canada,656359,5,4,1315,2023
Ainslee Lamberti,32945 International Pass,Richmond,BC,M1N 0Y8,Canada,1940827,0,6,2804,3474
Clem Corbould,97 Mosinee Avenue,Surrey,BC,T7K 6G5,Canada,519710,3,7,2578,4720
Velma Beaconsall,43566 Heath Center,Victoria,BC,U2A 4X4,Canada,2784302,5,3,319,4107
Bree Clack,36 Corry Road,Prince George,BC,E4Q 4S9,Canada,1869417,1,1,2783,4716
Leanna Bampkin,5577 Magdeline Alley,Chilliwack,BC,M2V 5K2,Canada,936414,5,7,2946,4893
Gweneth Sambells,788 Coolidge Way,Kamloops,BC,J5A 4V6,Canada,2275671,0,2,1181,4603
Freddy Cadle,7 Merrick Center,Nanaimo,BC,J0N 6G7,Canada,1446887,5,8,369,1190
Milzie Mellish,08 Debs Crossing,Maple Ridge,BC,L9K 3G3,Canada,579259,6,6,2423,4224
Samaria O'Caine,89230 Packers Crossing,Delta,BC,D1Q 4G6,Canada,2284626,2,1,2221,2568
Rosette Shilling,05271 Columbus Circle,Victoria,BC,X0B 6G0,Canada,3057791,8,3,3162,898
Brigitte Landor,921 Duke Terrace,Maple Ridge,BC,C0G 9G0,Canada,2022039,5,6,1431,1193
Cullen Breakwell,61 Bunker Hill Road,Abbotsford,BC,E3E 8N0,Canada,628042,2,8,1118,3571
Granthem Gladwell,35123 Raven Park,Burnaby,BC,S5B 4K2,Canada,781239,6,1,1902,4965
Godwin Bradick,0 Dottie Circle,Prince George,BC,Q7W 7X3,Canada,612400,7,2,1899,413
Barr Labin,18284 Buhler Park,Surrey,BC,N1R 6Q8,Canada,585139,3,5,440,3570
Amalee Jozwiak,3 Arrowood Parkway,Vancouver,BC,J3G 4D3,Canada,2924090,6,6,675,4222
Lucian Goburn,5 Farragut Pass,Richmond,BC,H0X 5Z7,Canada,2081274,5,1,787,4584
Heinrick Girodier,2128 Columbus Trail,Burnaby,BC,D2Z 4Z8,Canada,565972,0,7,282,1832
Candra Donnan,7823 Canary Pass,Surrey,BC,S2Q 8L9,Canada,1973877,0,3,1404,522
Ramonda Scotchbrook,653 Dovetail Park,New Westminster,BC,L1O 0Z5,Canada,3134521,4,3,1200,821
Rahal Goodlud,49869 Texas Junction,Nanaimo,BC,Q6W 5F5,Canada,2676085,1,4,2273,2307
Tim Juggins,8324 Scoville Parkway,Kelowna,BC,P1Q 3Q2,Canada,1647372,7,3,2311,4309
Kylie Cohrs,73331 Merchant Plaza,Langley,BC,R2G 6U4,Canada,2968572,1,8,101,2341
Marigold Sergant,299 Coleman Circle,Kamloops,BC,Y3N 6S4,Canada,465735,3,8,747,894
Patten Espine,167 4th Point,Kamloops,BC,Q4G 3H8,Canada,363458,7,5,2788,2750
Dix Iacobetto,97 Vernon Pass,Prince George,BC,D1T 5T1,Canada,809177,1,5,2901,3552
Lanie Runciman,7 Delladonna Center,Kamloops,BC,E8V 7D8,Canada,466230,1,3,2443,4677
Ema Assandri,630 Logan Pass,Surrey,BC,G2Z 8H5,Canada,1466262,8,5,974,2891
Kriste Grishakin,0 Sachs Avenue,Delta,BC,A4J 8U9,Canada,1566071,1,2,589,3597
Gillian Gethen,2 Badeau Court,Nanaimo,BC,P0S 4X9,Canada,808825,3,3,1392,1925
Natalya Leivers,42 Schlimgen Road,Coquitlam,BC,N9Z 5Q1,Canada,2255094,6,2,601,2108
Ron Bridgman,795 Bashford Pass,Victoria,BC,C6G 2K7,Canada,2225578,7,0,292,3767
Marina Redmain,743 Atwood Terrace,Delta,BC,W5D 9M8,Canada,2734420,6,5,3143,3631
Maurie Godfery,7603 Bashford Junction,Richmond,BC,P6J 4H1,Canada,674792,7,2,2489,3225
Daveen Fiorentino,04090 Coleman Park,Nanaimo,BC,B3E 9H7,Canada,3185961,7,8,1136,2630
Benjie McCrisken,39963 Corry Way,Prince George,BC,Z0J 0N5,Canada,2260475,5,3,2611,4785
Saundra Whitehead,8135 Cherokee Place,Delta,BC,P4Z 6F1,Canada,1202947,3,6,2792,3169
Albina Olanda,404 Canary Place,Prince George,BC,H5O 9K8,Canada,2326203,6,4,1282,2437
Orton Worsom,12 Hanover Road,Maple Ridge,BC,X4N 2B2,Canada,323471,1,3,2664,3663
Elka Clinkard,5 Scoville Plaza,Prince George,BC,E6B 9W0,Canada,3056977,7,5,1140,2333
Jemmie Rilton,439 Division Plaza,Chilliwack,BC,P0D 3L1,Canada,1311467,6,8,2579,445
Elga Ahrens,30681 Meadow Valley Court,Prince George,BC,P7Q 5D1,Canada,1833797,0,5,589,2757
Mack Aurelius,4021 Sugar Road,Coquitlam,BC,L0W 0V7,Canada,297527,7,2,1311,2712
Emanuel Patrick,2293 Hagan Pass,Prince George,BC,E6N 6J2,Canada,3174717,1,4,459,1213
Ricki Hindenberger,3250 Weeping Birch Parkway,Nanaimo,BC,A2G 6S0,Canada,2560219,1,2,3374,1736
Patience Orpen,50663 Declaration Trail,Prince George,BC,U6O 9Q7,Canada,516826,3,5,2478,3355
Daria Menloe,93970 Paget Court,Vernon,BC,T6J 8G2,Canada,958635,5,3,349,3618
Raimondo Starrs,1 Sutherland Plaza,Chilliwack,BC,V9X 7C4,Canada,2543727,2,5,276,701
Josiah Boscott,95500 Schiller Avenue,Nanaimo,BC,T7T 7M0,Canada,2208184,0,0,197,2412
Sven Hayfield,32 Roxbury Place,Kelowna,BC,Z9U 1K7,Canada,1533576,4,4,1786,4829
Pepi Stirgess,202 Hallows Junction,Burnaby,BC,R3X 9M1,Canada,1139426,4,0,1610,1763
Beryle Biskup,16858 Michigan Pass,Vancouver,BC,I3L 8M5,Canada,1687390,8,4,1279,4510
Nathalia Brandone,078 Del Sol Junction,Coquitlam,BC,X5C 8B9,Canada,1537801,8,5,1293,3208
Dani Bunny,947 Walton Point,Kamloops,BC,H2M 8G9,Canada,2230630,6,0,1212,2175
Gwenny Rodliff,931 Claremont Circle,Richmond,BC,L3C 2F4,Canada,1788426,7,5,3242,719
Lynea de Nore,05970 American Street,Maple Ridge,BC,U6U 0V9,Canada,1547422,0,5,1243,3530
Tammie Coogan,82 Bayside Way,Surrey,BC,P9B 3Y6,Canada,766020,1,2,1909,1383
Yevette Vittle,239 Union Hill,Maple Ridge,BC,X5N 3F6,Canada,3033564,0,2,772,2599
Omero Elverston,911 Ramsey Alley,New Westminster,BC,N5D 8Q9,Canada,1971934,5,3,611,503
Sibeal Heaffey,34 Hooker Court,Kamloops,BC,V4V 1B6,Canada,1843620,5,2,985,3176
Horatia Mably,011 Golf Course Crossing,Coquitlam,BC,Z0Z 9X8,Canada,2014776,4,3,664,3712
Stanford Dannell,1551 Village Green Avenue,Richmond,BC,U5V 4M7,Canada,2433319,3,6,2066,625
Lona Merredy,8 Hayes Center,Chilliwack,BC,Z3D 9Q7,Canada,2007014,6,0,2639,4580
Sallee Sheeran,733 Memorial Junction,Richmond,BC,E2P 1P9,Canada,1727133,2,2,1361,2464
Nerta Spurnier,36402 Bellgrove Center,Surrey,BC,W3Z 0Z8,Canada,877656,0,2,3397,667
Upton D'Aulby,16 Ramsey Court,Coquitlam,BC,E0D 7C2,Canada,1339884,4,1,2101,2182
Connor Randalson,3606 Bonner Pass,Victoria,BC,H6R 9E9,Canada,394835,3,0,3315,4096
Micheline Brou,00 Twin Pines Street,Nanaimo,BC,S5F 8F2,Canada,1512968,5,1,3372,3867
Kerrin Lound,74732 Sundown Park,Kamloops,BC,U4J 2J8,Canada,266286,5,4,1212,653
Linzy Isson,89829 Troy Way,Prince George,BC,P5K 5E0,Canada,1621833,7,4,567,2670
Maurits Halse,619 Eggendart Way,Coquitlam,BC,H5J 2H4,Canada,3102651,5,8,1207,4267
Gordan Longhorn,25 High Crossing Park,Delta,BC,J4B 5Z8,Canada,969655,5,5,1984,4179
Abdul Bouzan,249 Spohn Junction,Coquitlam,BC,Y9N 6P2,Canada,2966868,3,5,3023,2288
Saw Lendon,8157 Warner Center,Coquitlam,BC,F7S 0V6,Canada,259878,0,2,579,3007
Gaylord Yakubowicz,0616 Jenifer Place,Maple Ridge,BC,D0Y 0S2,Canada,677917,1,4,234,3107
Amity Proughten,8310 Butternut Hill,Vancouver,BC,O7B 1X7,Canada,1502190,6,2,2289,565
Enriqueta Dunlea,171 Autumn Leaf Way,Vernon,BC,U1O 1U6,Canada,641458,7,2,2264,4379
Alva Nisbith,91813 Jay Pass,Vernon,BC,W3X 0S9,Canada,1468824,3,5,936,1367
Johan Brecknall,97 Porter Lane,Burnaby,BC,B8R 1T5,Canada,1116819,8,5,2810,4747
Jaynell Mattocks,6410 Darwin Avenue,Maple Ridge,BC,S5D 0F1,Canada,3156908,6,2,2985,1621
Martguerita Labb,317 Sloan Way,Chilliwack,BC,P2G 6J3,Canada,1093159,4,6,738,1308
Phebe Harkes,471 Talisman Lane,Abbotsford,BC,H2H 2T2,Canada,2358446,6,0,2500,2392
Egbert Reside,25359 Cordelia Lane,Vernon,BC,U8E 5Q8,Canada,2945837,2,4,1858,1611
Fraser Kleinhandler,607 Lakewood Street,Richmond,BC,L2B 5V5,Canada,440963,7,0,779,819
Jinny Ainscow,30 Pine View Plaza,Maple Ridge,BC,I2Q 5O6,Canada,2414394,2,7,383,2639
Udall Lanigan,50036 Springs Junction,Kamloops,BC,R0R 3Y4,Canada,216905,7,7,1307,2531
Elroy Jauncey,74293 Maryland Crossing,Victoria,BC,U1A 7O4,Canada,1191830,7,3,171,3477
Libbi Letixier,22 Schiller Parkway,Prince George,BC,J1P 9J0,Canada,1676811,6,6,1150,4195
