name,address,listing_price,num_of_bathroom,num_of_bedroom,num_of_view,size
Flory Twining,870 Larry Crossing,1571500,0,6,62,607
Ginger Nazair,55845 Stang Park,4291273,1,4,1403,1936
Cazzie Pache,8294 Westend Pass,1953955,7,3,909,155
Corney Shipley,88 Corscot Way,3475517,4,3,1312,2110
Alvina Band,6317 Sunnyside Parkway,1528090,0,4,4906,2781
Norbert Kingsford,6 Sachtjen Trail,1311549,1,1,759,1753
Jessamine Hyndley,99 Kenwood Center,2979916,6,0,2652,2697
Blisse Blakiston,4031 Ronald Regan Alley,891208,0,6,1088,2919
Leah Lambeth,7 Garrison Plaza,4403904,1,3,3038,3368
Gena O'Cosgra,2792 Debra Street,3708376,0,7,617,461
Pieter Cholerton,60 Fulton Avenue,2062989,0,2,2480,1613
Jan Pitsall,9 Sloan Terrace,2129071,4,5,3950,708
Dennet Nesfield,0218 Randy Circle,3035176,4,4,2127,3058
Aksel Espinoza,408 Merry Crossing,4332986,5,2,5114,1456
Grete Ruddock,20 Calypso Park,4699689,1,2,4447,678
Penrod Hazeldene,21000 Fairfield Parkway,1721343,6,6,5449,3015
Eberto Cherry,3225 Sunfield Crossing,4497090,5,2,2889,3457
Dedra Fraschini,40398 Luster Place,871405,3,8,5273,645
Tildi Greenroa,153 Roxbury Place,1412079,1,1,3454,1870
Magdalen Kilmartin,87 Pleasure Place,1012518,2,8,2246,1417
Winnifred Betchley,5561 Dovetail Center,3683072,4,1,3980,515
Samara Bryden,36813 Thackeray Road,791714,4,3,1032,507
Adah Ghiriardelli,3706 Vidon Circle,1064771,6,7,1314,1011
Aggie Dillistone,2 Fremont Road,2732485,7,7,2084,2520
Jasper Treweela,0 Bobwhite Junction,4429301,3,0,2639,2031
Dian Thompson,34 Walton Court,3533821,3,8,1551,761
Barnabe Aylmer,341 Lakewood Alley,2085702,3,0,4745,1444
Alessandro Prop,83 Linden Center,3164020,1,2,1896,1954
Jeramie Camell,09 Shasta Way,1158616,4,6,4152,1872
Ardyth Cleverly,13 1st Circle,1766648,0,3,2163,2306
Katleen Nappin,7 Goodland Center,3927708,5,1,953,1556
Red Shatliffe,773 Rockefeller Pass,466189,4,0,4856,1336
Pascal Westraw,273 Fair Oaks Junction,2748635,4,4,3990,885
Aggy McNysche,6 Debs Crossing,3519852,8,0,5137,2906
Corabelle Alvin,5 Graceland Terrace,2902124,5,7,3076,2637
Jocko Stelljes,6147 Ridgeview Crossing,4275658,1,1,4869,3110
Sven Troppmann,48854 School Park,3398202,7,7,3103,2294
Miles Gonzales,313 Crescent Oaks Circle,3462503,8,1,2434,1953
Drucy Zappel,4676 Del Sol Center,3900115,3,3,4412,2218
Amalea Millott,8936 Barnett Way,3042624,4,8,3946,1506
Corissa Busson,48052 Northfield Place,4458051,1,4,4211,926
Kacey Arro,068 Algoma Crossing,1698091,0,0,1723,3189
Thorpe Doust,4 Utah Lane,3826900,5,5,1079,2312
Augustine Benck,8 Mariners Cove Terrace,2768277,1,5,2471,751
Sharl Elmer,66177 Cardinal Trail,4067068,1,3,5230,413
Charmane McCafferky,5659 Cascade Drive,574144,0,4,5121,1574
Ewen Gresham,7 Katie Hill,1077085,2,4,67,1253
Abbey Marwood,65 Nobel Hill,920407,3,1,932,2269
Peg Bonifacio,452 Dovetail Place,252912,2,5,4120,896
Courtnay Theuff,0625 Scofield Lane,3779442,8,7,937,285
Marie-ann Goullee,7320 Kensington Road,2929518,2,0,3139,2246
Edsel Aldiss,0 Crest Line Drive,4997661,1,8,4510,49
Sandy Chilvers,56014 Ilene Place,4754771,7,5,5189,2112
Darb Millen,2507 Columbus Drive,4087642,5,5,686,1045
Godart Glasscoo,1457 Clove Drive,1264838,0,0,460,2390
Davin Baszniak,09 Meadow Ridge Junction,4690539,1,4,309,220
Valentine Danilov,4292 Kensington Junction,1938200,0,4,813,134
Wenona Trinbey,86 Debs Point,2614336,5,0,3236,1491
Curcio Gillman,46546 Carberry Parkway,3494505,4,2,2942,1103
Pattin Janaud,25 Lake View Trail,1099340,5,2,561,613
Delmore Gabits,5091 Jackson Court,1679803,1,5,2397,2227
Dalenna McKain,70 Sutherland Hill,1768389,4,4,1037,2917
Eleen Farreil,7 Donald Way,3865542,2,0,2237,2614
Liliane Lees,2 Pond Street,3690478,7,8,3119,1429
Cynde Murby,6 Miller Road,2628273,3,3,3828,3290
Irvin Forrestall,6 Londonderry Plaza,1636358,3,8,2264,1475
Claudina Garrelts,4984 Arapahoe Street,365769,1,2,233,2635
Catrina Rolls,2861 Lerdahl Lane,1187927,0,1,4381,1597
Dulsea Kuhn,342 Cascade Hill,584042,3,5,1803,2177
Adele Voase,066 Fieldstone Hill,3802197,5,0,1684,1794
Clare Spick,02 Fallview Park,4235725,5,4,680,418
Stepha Iorizzi,89 Alpine Point,2035489,8,2,2149,2737
Emelina Shipsey,53081 Hallows Place,2366433,1,6,1115,1926
Merci Robbs,73124 Graedel Center,4641728,5,5,1151,2438
Tobit Basek,0583 3rd Park,2474687,2,1,4642,753
Roseann Barts,853 Johnson Place,1855633,5,2,4013,55
Fletcher Ansty,082 Green Ridge Park,4461668,8,5,4478,701
Morganica McGregor,7 Rusk Street,2590775,7,3,4894,1395
Lorene Banasiak,0 Marcy Street,358363,1,8,335,3029
Riva Fleischmann,34440 Oriole Road,1597450,4,2,4856,2291
Enid Capelin,2 Oneill Street,2814136,6,7,5169,1111
Barb Poolton,889 Debra Center,700502,1,0,3604,601
Steffen Roffey,88766 Milwaukee Terrace,3323757,5,2,2844,812
Arnuad Garton,07944 Park Meadow Crossing,2801950,4,2,4287,1800
Dur Drache,7 Starling Circle,925421,6,3,5422,3355
Carson Borges,232 Clarendon Junction,3142950,6,5,1576,1123
Vivie Eckley,77021 Armistice Hill,1435875,4,8,3817,243
Noelani Penketh,54 4th Trail,855607,1,5,1816,1764
Shelbi Wytchard,54552 Northwestern Point,1182569,4,6,4481,1661
Roseanna Doncom,56387 South Junction,2243144,3,5,927,1938
Eugenie Snedden,74 5th Avenue,4378472,3,1,2680,9
Batholomew Giorgini,71239 Tennyson Way,811372,8,6,4605,533
Lew Dutson,9979 Florence Park,692364,6,5,3274,80
Laney Leroux,07481 Wayridge Place,3047493,4,8,3118,632
Gussi Duferie,1 Portage Drive,4532869,8,4,829,1028
Berkly Micheau,014 Bunting Circle,4732857,2,4,1299,2827
Domeniga Dank,816 Linden Junction,4165501,6,7,3997,1707
Veronike McJarrow,60341 La Follette Plaza,310613,8,1,1106,2442
Cart Bewley,13 Burrows Crossing,4503047,2,0,4859,2367
Wynny Gibke,96 Meadow Valley Parkway,2247973,2,0,2870,976
Maia Todhunter,1781 Anthes Junction,1231899,2,1,4787,3435
Renelle Cusack,86213 Dorton Point,4676778,4,1,2553,2145
Nessa Hagerty,9 Arapahoe Park,3972084,1,7,4308,1413
Tynan Burkill,9108 Gulseth Terrace,4754275,7,3,3763,2129
Sheelah Simenel,850 Texas Terrace,2666529,8,5,2946,2419
Wren Swetman,3 Lakewood Gardens Plaza,3917849,2,0,1182,2271
Rhea Schukraft,4183 7th Crossing,2914415,5,7,423,481
Der O'Rudden,196 Drewry Place,4122178,2,5,3549,3082
Cornelius Ivanisov,992 Bobwhite Point,1985479,1,7,5370,342
Jenny Donnan,089 Hauk Park,1432360,1,6,637,2119
Marcelia McCerery,815 Lerdahl Crossing,750503,1,5,2288,2158
Marci Beckwith,79418 Scott Point,1448818,4,4,2810,3143
Henriette Peinton,45 Comanche Way,4352455,3,6,1366,1118
Amabelle Cotter,49631 Oneill Parkway,898390,5,4,201,1786
Angela Verbrugge,48127 Springs Lane,688487,3,3,2901,3348
Odille Foulger,959 Grayhawk Plaza,2139973,5,1,3867,3457
Ilise Dyshart,9 Londonderry Alley,3868527,0,3,4657,2744
Othilie Vasiliev,70384 Hollow Ridge Way,1114836,8,3,3030,496
Charmain Ralestone,6 Grim Road,3038396,5,3,3690,1015
Lorens Neames,5 Caliangt Center,4480482,0,7,294,1579
Lanny Spilsbury,6641 Lyons Way,1500337,0,3,1466,3309
Sergio Dossettor,09820 Melrose Circle,1567276,0,7,1235,689
Sophronia Ledstone,327 Coleman Avenue,972258,2,1,1861,1900
Tildi Brinklow,64 Fairview Road,2494965,1,6,1975,1694
Ximenes Cazin,5486 Karstens Terrace,4495764,8,2,3910,2562
Maribel Rosendorf,2137 Elmside Parkway,2177349,4,5,3508,309
Ammamaria Dunwoody,6446 Continental Street,2076804,7,4,5361,1703
Nicolette Blumer,35141 Reindahl Pass,2509246,4,8,5080,331
Leora Sillis,8 Gale Place,1093757,2,2,1085,2684
Remus Brittle,2 East Crossing,4965342,2,0,4972,1262
Denny Fellnee,474 Warrior Center,4594763,0,0,1493,230
Deck Kensington,74 Del Sol Center,3367957,5,2,3059,1640
Bennie Alcott,6 Carpenter Junction,4051366,7,0,24,1654
Dalenna Hartas,5099 Scott Parkway,3353625,7,0,4750,734
Inez Freckleton,03 Monterey Junction,4969507,1,2,1245,2529
Cristionna Raffon,6 Mendota Lane,4501179,3,4,2409,1466
Tyrone Bartrum,2058 Westerfield Parkway,2501459,8,5,383,685
Dulci Courtese,1 Porter Avenue,4206710,6,5,2770,2924
Haydon Burnip,874 Del Mar Junction,299877,4,3,1962,790
Donia Johnys,464 Montana Street,3772055,8,5,2725,762
Lydia Morey,568 Union Hill,708229,5,6,4468,843
Gary Trawin,07563 Hanson Park,977380,6,1,5360,1647
Cornelius Warters,950 Jackson Park,2759216,6,5,4798,2616
Vanni Andryszczak,94 Scott Crossing,3443074,1,5,5410,1980
Eberhard Gosenell,8 Sugar Hill,3469764,5,1,4277,3366
Reg Duxbarry,8 Pleasure Crossing,1412951,3,1,5481,3002
Gardner Jackes,72128 Dovetail Place,4035827,7,0,1631,1134
Parry Cleere,20174 Northridge Avenue,1300887,8,4,2950,1815
Lonni Rubenchik,71961 Crescent Oaks Alley,3747345,8,4,4970,2940
Deb Paireman,585 Maple Wood Circle,3987828,7,2,816,2664
Robers Fishly,153 Fuller Street,1103510,4,1,2011,896
Evie Audsley,865 Glacier Hill Place,3056414,1,1,2581,3110
Gayel Frankland,1932 Grim Drive,3394142,0,3,3362,2452
Peg Licciardello,9 North Trail,1355548,3,5,1584,2779
Henri Regis,180 Lake View Crossing,3288404,0,8,2788,16
Winna Kenney,15 Little Fleur Court,343734,3,7,288,1903
Deirdre Callendar,0286 Glendale Court,2172524,7,6,1867,2059
Archibold Kures,0 Westend Junction,3782815,3,7,3254,2166
Mort Midner,1 Burrows Street,2199841,4,0,1946,946
Nonie Faunch,7 Ridgeway Terrace,4527476,4,2,2678,3158
Shane Challin,096 Heffernan Drive,2692478,1,7,3453,391
Dick De Maria,66 Toban Circle,3265689,4,7,4241,1958
Hilde Gallear,9908 7th Place,3854215,4,4,1226,1887
Johan Benediktovich,9197 Mayer Way,2828534,6,3,1326,2526
Arlene Charters,8722 Valley Edge Center,386871,3,5,2909,570
Cornie Hardey,192 Moland Drive,3765333,4,6,4619,2967
Jo Charrette,51878 1st Hill,743516,3,7,1501,943
Gene Tilley,4 Florence Point,351451,8,6,63,3152
Udale Hyland,45 Arizona Parkway,1442996,6,5,5202,1355
Ralina Ouldred,41383 Namekagon Pass,4434502,3,2,5078,3500
Georgiana Pearcehouse,541 Kingsford Alley,3058964,8,8,2916,1028
Ddene Dayborne,31247 Nevada Hill,4728662,0,2,4635,586
Eldon Romke,90 Autumn Leaf Plaza,3070718,6,2,1951,3360
Pooh Teresa,63647 Magdeline Avenue,2884147,5,3,3664,1487
Egan Weekland,79 Emmet Road,3419973,6,4,3454,3306
Shirline Tomalin,3 Morningstar Alley,1263556,4,3,1194,2263
Paddy Heijne,97021 Kedzie Hill,3957763,7,4,501,1970
Alexio California,7971 Green Circle,1656290,7,8,3361,3407
Marybelle Sore,24 Valley Edge Lane,1672395,5,1,3284,622
Allan Krammer,19698 Sauthoff Road,2578521,4,7,1890,331
Andria Gout,74912 Lighthouse Bay Crossing,1353398,6,6,4384,3208
Jordain Mullender,12 Helena Parkway,4326848,4,3,396,3425
Ellsworth De Laci,717 Sachtjen Drive,3148793,8,0,4800,3005
Maressa Whymark,1796 Comanche Trail,3279035,1,2,1183,3031
Estele Niset,21958 Nobel Drive,1144857,4,3,1682,2334
Carlie Scholig,3 Monument Plaza,1889996,4,6,326,1992
Biron MacRinn,1 Scoville Terrace,3498529,4,1,5165,2606
Valli Showalter,52 Forster Crossing,1642855,3,4,4955,118
Jennilee Ricca,01 Loomis Road,3782185,6,4,251,784
Georgena Heald,806 Dottie Center,4214785,3,1,265,2355
Haslett Goare,3 Everett Crossing,3359716,7,5,2333,1609
Tobe Hendrich,80509 Comanche Center,2053991,4,3,3921,1107
Greggory Impey,47340 Hazelcrest Point,3691883,0,1,3979,1000
Winnie Bushel,3346 Everett Circle,2270511,5,4,3806,2974
Alicea Quinnell,76 Upham Place,2644910,8,7,3597,260
Phineas Alexandersen,17491 Claremont Parkway,3806199,6,6,2843,11
Jay Goggin,7412 Oak Junction,4254896,0,3,5262,1257
Barris Coneron,5 Mcbride Way,1845241,4,4,161,3095
Bunni Kaasman,877 Stoughton Plaza,4873706,8,5,4713,0
Leanora Deakins,121 Carberry Street,4837680,1,4,3502,1568
Aeriell Hardistry,01 Farmco Place,4441383,5,8,4211,2909
Gerianna Maden,05085 Jenifer Park,4539956,0,1,4685,3115
Jackie Dunmuir,965 Loomis Lane,1954440,6,6,254,1523
Dorian Dowsett,22813 Meadow Vale Street,902016,8,8,308,2267
Eadie Doxsey,0 Mesta Point,4321899,0,5,4024,3411
Humphrey O'Malley,90807 Carey Hill,996092,8,7,5413,646
Florenza Burthom,59 Pond Circle,867829,4,5,4381,1311
Raddie Marquot,9017 Washington Drive,1490557,2,4,2698,829
Rafaelita Robilart,46 8th Way,4341910,1,0,4863,400
Cecilio Deluze,71 Fremont Parkway,686863,8,3,2472,1757
Nissie Ordemann,4 Eagle Crest Parkway,2526634,2,6,3828,2677
Stesha Blackmoor,13759 Straubel Lane,2253657,1,6,2880,500
Gill Hasty,63 Hoepker Trail,4210567,0,6,4425,68
Lauren Pasticznyk,2637 West Parkway,4584969,2,2,2596,2174
Denny Knok,43550 Tomscot Plaza,4571936,8,0,300,2851
Dorelia Allcoat,195 Prairie Rose Pass,4222580,7,0,2471,1957
Thorin Starmont,3211 Rieder Lane,2017575,7,2,916,2305
Ronnica Domanek,48568 Gale Junction,4488467,1,3,762,1271
Garland Beller,938 Crest Line Avenue,1824530,5,2,4950,844
Leone Rousby,21419 Dorton Park,1692407,1,0,5096,3352
Morrie Van De Cappelle,8 Oxford Parkway,2227202,8,0,3786,2293
Miquela Endrici,8763 Quincy Avenue,1924520,5,3,3327,1083
Kippy Sybe,18134 Banding Park,2402001,7,5,2999,776
Enrico Ewestace,5885 Ridgeway Point,1928632,1,1,2641,2110
Christie Williscroft,6 Dapin Center,3277259,6,6,5279,2644
Nerty Denisot,079 Anthes Lane,1564721,0,1,1034,3326
Nesta Petru,741 Fremont Pass,662332,4,5,2645,1132
Farlee Chazier,830 Eliot Parkway,3414229,0,3,4383,52
Chicky Pandya,36017 Pawling Court,1164316,0,8,4085,1711
Ferrell Taphouse,86987 Mcbride Place,3585257,2,5,3741,932
Romona Kiggel,159 Alpine Lane,1946538,5,1,4283,2759
Jaquenette Trevallion,4 Truax Circle,1621411,1,3,3068,2753
Mayer Serck,53 Forest Hill,1571337,2,6,130,772
Laure Rylance,2999 Arapahoe Terrace,627963,6,1,813,898
Pace Tembridge,37176 Dakota Road,2143405,1,5,1017,1221
Madge Smeall,502 Schmedeman Road,407846,3,7,4115,1754
Morlee Holsall,689 Autumn Leaf Street,415257,7,0,4997,1214
Sibyl Gaywood,299 Riverside Trail,3537090,1,2,2255,1875
Donna Chstney,287 Stoughton Place,3757740,0,5,2836,814
Reilly Errichi,20519 Carpenter Center,4209129,5,0,706,2683
Kevin Fayer,96 Mayfield Pass,382526,7,2,1856,1921
Rickie Staunton,73187 Crownhardt Trail,988289,6,3,1059,2951
Natalina Neligan,9 Maywood Center,2106105,1,0,4513,520
Madge Addeycott,21030 Kennedy Place,3174010,7,6,913,723
Doll Latter,46064 Kensington Court,3124781,7,4,498,2443
Joachim Peyntue,60731 Meadow Vale Parkway,2747669,8,0,839,2834
Stewart Wallentin,7565 Crest Line Pass,2096472,7,8,169,1679
Rip Cookson,65165 Hagan Point,1266714,5,0,4688,614
Reidar Mortimer,4 Roth Court,1778094,7,8,1381,2707
Fifi Jakoviljevic,215 Rockefeller Lane,4869816,0,5,2642,3424
Michal Swatland,10362 Memorial Drive,2035815,6,3,4930,1467
Lilith Middell,8160 Chive Park,1020490,2,8,731,2585
Mersey Whawell,02659 Hagan Junction,1435345,8,4,2025,124
Lotty Nowakowska,827 Portage Court,3224204,2,2,4793,3350
Deeanne Tarney,196 Homewood Street,1737772,7,4,525,2187
Fran Grishkov,99 Meadow Vale Terrace,3089677,0,1,1212,636
Shelly Ware,723 Raven Pass,2899132,5,8,3547,2306
Nanete Firpi,87 Vahlen Pass,4749858,5,6,1132,1629
Del Goodsall,3 Bowman Street,1224751,0,3,240,1766
Clarissa Twiggs,37 Arrowood Way,2453552,8,0,4680,2900
Hanny Killshaw,97639 Forest Run Court,892631,6,2,3124,1149
Merilyn Tacey,4 Lindbergh Pass,2251535,8,6,3052,1671
Rochester Mattheus,8 Declaration Pass,3727503,3,0,3644,3000
Joey Keneleyside,8 Bartillon Place,2186945,6,2,706,1029
Bunnie Sayles,0076 Moose Park,2937807,1,3,3359,3292
Mame Spilsted,27483 Larry Lane,3025238,1,6,2879,3062
Faina Seaward,0935 Surrey Hill,4362549,8,3,3806,304
Jacquenette Leavens,700 Menomonie Pass,1636937,0,5,1485,1150
Enoch Gilleon,9 Little Fleur Pass,2093282,7,0,3740,54
Mia Colisbe,4518 Eliot Court,3334041,0,6,2390,1776
Cirillo Fessby,56 Eagan Alley,3647486,6,1,2621,1944
Sosanna Spata,3971 Blackbird Court,4904047,6,6,3595,3276
Karrie Gillies,49340 Lindbergh Drive,3994511,8,7,981,2025
Hamid Adamou,6 Trailsway Crossing,2621588,5,5,1170,2884
Jayne Marrows,40 Schiller Pass,3787834,2,6,1245,1187
Justin Emblen,53008 Debs Trail,4440763,7,3,3076,1869
Kliment Greatham,30 5th Drive,365362,0,4,893,1860
Taylor Topley,01 Rigney Trail,4464990,8,2,4555,2175
Franklyn Yurinov,99370 Judy Point,3063576,6,8,944,331
Stillman Simonini,4 Bultman Junction,741907,6,4,2362,831
Aleksandr Mcsarry,96 Summerview Alley,4518601,5,4,4415,2223
Con Mileham,5156 Darwin Place,1049284,3,8,2804,164
Essa Tinkham,16 Mayer Road,1315718,0,5,3139,3219
Dominique Currington,47 Sauthoff Pass,4743016,2,1,2009,1971
Merrick Gaishson,2004 Sachs Lane,2240131,7,0,1015,846
Sibbie Tremelling,15 Duke Parkway,487652,0,5,4673,3486
Aluin Smuth,029 Dennis Place,3555158,2,7,3530,2217
Tomaso Streeten,12578 Westport Terrace,1715776,8,5,4851,860
Benedetto Ipsly,54 West Pass,2034713,5,7,691,1991
Ingunna Tonbridge,6 Merrick Circle,3451653,0,3,4103,3093
Mordy Earland,18 Bay Court,1030507,3,1,1708,1623
Fanchon Garnson,33 Brickson Park Trail,1660492,0,0,1496,2626
Lane Roelofsen,2761 Paget Point,3723834,4,1,1574,3382
Bartel Mathonnet,604 Bowman Hill,3832270,8,2,2643,156
Dulcinea Mousby,9730 Commercial Terrace,3669098,6,6,1202,1202
Kendricks Sheering,643 Vera Avenue,3722286,0,2,2151,1907
Lotte Hasell,995 Oxford Alley,1738583,6,1,2399,70
Orbadiah Beake,20 Walton Street,4047896,7,4,3,2533
Heddie Mallett,7483 Nevada Lane,4835737,0,4,4949,1661
Glenda Thorneywork,66238 Coolidge Avenue,439633,4,5,2212,2822
Tye Elverston,50 Parkside Pass,1828969,7,8,4539,2662
Wood Kettles,6245 Novick Street,3859668,0,5,3079,2353
Valaria Harrow,0362 Corry Terrace,653551,2,0,2502,3171
Allister Filchagin,8 Nevada Alley,2805057,5,6,683,3207
Biddy Lowless,4906 Nancy Parkway,2745742,7,0,5467,1675
Stewart Greggor,52009 Harper Alley,4119523,4,3,5055,2043
Efren Pilfold,53 Cottonwood Plaza,4635292,7,0,122,2639
Hernando Penelli,72 Stephen Park,2340187,2,3,3689,3268
Sidnee Battlestone,33019 Elgar Way,2625319,8,8,4521,2038
Charmion Brigshaw,6 Sugar Place,779083,6,2,219,2940
Pepe Spores,55016 Mariners Cove Parkway,3305799,6,3,1562,2870
Cullie Dagnall,77 Northland Pass,1137028,1,1,4253,2941
Syd Belison,904 Mayer Parkway,4934011,6,4,1549,2020
Arnold Maccaig,6172 Boyd Street,3611820,6,5,4997,395
Lily Trevena,3259 Talisman Junction,3795170,7,6,1873,2770
Gregorius Betjeman,9313 Twin Pines Hill,1410453,6,6,2444,2120
Timothy Eva,309 Westport Hill,2716344,0,6,184,1249
Allie McVicker,51 Ohio Parkway,1508574,0,5,2850,2796
Philip Glaserman,1385 Maple Wood Avenue,2690393,3,1,3990,924
Zitella Chessman,69 Lyons Lane,2818117,5,4,2892,2419
Galina Parry,483 Erie Road,2901797,0,2,4334,894
Julie Blesing,5 Little Fleur Lane,2988474,7,7,2386,588
Van Ballam,55584 Pearson Hill,1316838,0,7,1363,1811
Bran McBean,575 Petterle Crossing,2563694,8,3,1975,1562
Tammy Frape,54661 Bowman Junction,2700290,3,6,2517,2628
Lewes Parrett,48008 Esker Trail,763849,7,3,1574,2299
Mohammed Barefoot,2 Armistice Terrace,3145547,3,8,3015,1523
Clayton Fahy,027 Sauthoff Circle,1698393,0,3,4401,234
Allen Murdy,26994 Pawling Park,3511849,2,4,355,2805
Bridie Bellino,0309 Judy Drive,3060749,7,3,3961,2956
Mercie Scottini,70669 Helena Hill,4339575,2,1,3112,1908
Ewan Heys,3261 Bonner Lane,4599069,7,1,139,2404
Tripp Suarez,22933 Main Hill,3932559,2,2,1599,2398
Sylas Drane,63930 Little Fleur Point,4967881,3,5,3428,2056
Darby MacDonald,60 Oneill Court,3789450,3,1,179,2251
Winna McElroy,72712 Darwin Parkway,2517961,4,7,4614,3108
Lela Bedham,9 Claremont Pass,1849759,7,2,2547,2842
Korrie Seson,20 Killdeer Park,825687,7,8,4388,1590
Philippa Martinat,23639 Tomscot Plaza,4061247,6,2,4839,3052
Griffin Zannelli,03724 Marquette Road,3635881,8,3,5024,277
Tatiania Brunicke,9 Sugar Hill,4708835,2,7,948,1469
Ardys Ivatts,42528 Grover Plaza,4634733,3,0,1925,1962
Oona Middup,17645 Swallow Point,999290,8,5,3194,2131
Witty Gapp,9 Mosinee Junction,2255622,2,1,1259,1741
Daryl Brabbins,4565 Coolidge Parkway,2646574,2,0,3337,2813
Fenelia Lindop,63 Sachs Parkway,703521,2,0,3160,735
Zebedee Nolte,1 Cascade Parkway,724395,4,1,1005,643
Nert Alldread,1 Hoard Avenue,4055129,2,6,3192,2415
Ulrika Stampfer,92 Oak Valley Alley,683978,6,5,1567,2888
Ab Crinion,935 Waubesa Park,3673226,6,1,5182,2057
Elwin Rawlins,1915 Old Gate Alley,4651446,1,7,4812,183
Henka Harverson,636 Mandrake Junction,313912,4,3,1627,2766
Kathye Lacer,3 Gateway Crossing,1857101,6,1,2767,968
Allys Heiner,0 Anthes Road,1903611,6,3,1877,3172
Yolande Chree,61698 Pepper Wood Court,2642642,5,3,4555,1690
Wilona Donoher,1 Loeprich Pass,793918,3,2,2363,651
Claire Boule,6902 Barby Street,1878885,0,3,2090,982
Denyse Mozzetti,52 Anhalt Parkway,1483266,6,8,2108,2235
Valera Pummery,501 Lake View Circle,2842702,6,0,1220,529
Worthington Enden,81807 Old Shore Hill,3899259,5,6,3042,1062
Waylen Breens,5 Coleman Center,2321692,4,5,1037,2491
Jean Fust,4 Mosinee Center,2840267,7,8,232,1381
Doralynne Goldin,7 Northview Court,4714811,2,5,5462,3408
Cathi Giacomuzzo,31 Pond Hill,4342966,5,8,2836,1654
Blayne Morecomb,39 Boyd Avenue,1165424,0,3,3454,323
Bernarr Arpur,4716 Sundown Drive,2390351,1,6,2287,3079
Faith Flight,9159 Vidon Pass,4226219,6,5,4317,1380
Pierrette Wyss,86 Golf Course Circle,1122826,2,8,2778,2566
Arlee Habbal,5 Randy Drive,1229986,1,2,4197,762
Lyndell Patesel,0992 Myrtle Parkway,1689989,4,0,2149,2409
Janeen Raubenheim,81 Dennis Plaza,574548,6,0,1562,1683
Adda Barfoot,60 Alpine Crossing,2728534,3,0,2097,2836
Yoshi Hember,60 Scott Plaza,3560339,2,1,618,1814
Nichole Tigner,5607 Valley Edge Plaza,3969175,8,7,2455,2704
Bradney Cakebread,8358 Di Loreto Hill,1325765,5,7,782,2124
Ange Libbie,43 Marcy Way,1876587,0,2,3130,3454
Carroll Learoid,4 Barby Crossing,1441714,3,7,327,1420
Roderic Procter,04106 Jay Junction,1787874,7,8,4552,1185
Arte Suttle,15787 Nova Circle,4969189,0,0,1167,2917
Belita Stuehmeyer,76411 Anniversary Place,4275481,1,6,5,2262
Clemens Wither,18112 Old Shore Street,1257211,6,8,4787,2123
Rolfe Whellams,964 Charing Cross Court,1908283,3,3,1856,905
Ignacio Conan,8 Manley Terrace,2840504,1,2,2754,3488
Josepha Cleave,740 Lakewood Road,390762,0,4,4606,3381
Robbie Jamme,761 Pennsylvania Court,2540264,0,2,2166,1227
Hali Offa,309 Muir Crossing,2709515,6,5,2054,3037
Abbott Abrahamowitcz,7 Rowland Circle,1989126,7,3,919,1058
Verina Cardoso,86098 American Plaza,583323,1,6,1222,1465
Devin Arnaut,33682 Hagan Lane,1585645,3,3,1446,2748
Nicolina Seyers,907 Fair Oaks Terrace,3213335,1,2,4944,1621
Garv Silversmidt,88 Mallory Place,2907990,8,4,1052,0
Lilly Doale,57 Springview Crossing,2254626,4,5,3048,259
Jarrod Mazillius,21 Norway Maple Place,2398569,6,0,3304,2805
Carson Andrichak,000 Delladonna Street,678581,8,2,4158,1090
Osmund Stavers,78792 Lotheville Lane,1370266,1,1,5156,1441
Darla Ivakin,15 Crowley Crossing,2002368,3,0,4582,2061
Rowland Keepence,755 Florence Street,2881577,8,0,2927,1163
Blake Louw,3 Anniversary Place,4207943,3,4,3496,736
Meyer Hutchinges,2726 Chive Center,2046138,8,2,319,3276
Briney Zanotti,792 International Center,2188373,7,3,4932,1773
Jaclyn Meddemmen,41485 Fordem Drive,435942,0,4,5029,2818
Victoir Cassam,189 Cardinal Plaza,4500681,7,5,1036,3172
Gretel Episcopi,841 Logan Circle,438629,8,2,101,939
Rey Demcak,36 Browning Point,3215247,8,7,3956,163
Bax Levay,2161 Hooker Place,2142152,1,7,3132,1406
Clint Chezier,9 Straubel Avenue,3057791,0,4,441,1114
Darbie Davisson,9390 Oriole Park,1751950,2,5,4059,84
Erick Brockhurst,11230 West Lane,3870277,5,8,4701,2124
Letizia Pegden,133 Warner Plaza,826321,2,3,2359,2628
Zita Waplinton,84166 3rd Parkway,4467276,0,3,1270,3165
Drucy Perfitt,80079 Welch Pass,368459,4,0,819,564
Hakim Filmer,0307 Pearson Avenue,3592836,6,0,4254,294
Karon Crauford,4679 Rockefeller Parkway,2992135,5,0,2899,3177
Donnajean Birdwhistell,5 Laurel Lane,2049886,5,5,2983,958
Timothee Heintze,77 Warbler Park,740817,5,2,5451,1612
Iago Wattisham,40367 8th Terrace,4952243,8,8,5380,2444
Tarra Salmoni,7419 Springview Circle,1520429,4,1,245,684
Ollie Northcott,82295 Loeprich Park,1012767,5,5,5345,2870
Farrand Delagua,62 2nd Hill,1010260,1,0,2579,2470
Idaline Hanburry,303 Maryland Drive,2640525,7,6,4170,150
Gan Crippin,73 Evergreen Place,516427,2,3,3779,2012
Karoline Coker,0557 Tomscot Lane,1476750,1,0,2308,3425
Sheila-kathryn Gobolos,741 Vera Avenue,2371119,4,6,5192,27
Addie Azema,3 Calypso Parkway,1494442,5,4,3888,2369
Abbe Satford,3 Marcy Place,2485814,8,5,4231,1354
Caryl St. John,96 Eagle Crest Lane,2480127,8,2,1980,852
Cassie Cucinotta,321 Sunnyside Circle,4098342,1,8,2525,1891
Cullie Gorst,4 Hollow Ridge Avenue,4302166,3,3,2132,1602
Willis McCooke,68 Onsgard Pass,2443150,1,4,2706,2055
Marketa Ledram,76433 Montana Point,4011444,8,3,576,2659
Davidde Conville,132 3rd Park,4347357,2,4,2833,3214
Marigold Redman,84979 Jana Center,1497940,4,1,1902,45
Tiertza Bram,3 Monica Court,873025,7,6,4174,442
Audrye Curnick,00 Granby Avenue,948924,7,6,5473,2031
Kerstin Mouth,20803 Forest Lane,3307489,2,5,4682,1018
Kristel Brent,7366 Rigney Junction,1518234,3,4,2863,2063
Dukey Petrelli,54067 Brown Court,4479034,2,8,2927,1817
Lyell Sybe,7676 Brown Center,1824704,0,2,3805,2124
Munmro Bulfit,1614 Northridge Road,1866100,8,3,4335,569
Chickie Loachhead,7 Packers Crossing,488240,6,2,4776,2324
Babb Mounce,784 Mendota Place,2208149,6,2,104,890
Shep Eke,80622 Bashford Road,3555299,2,6,147,331
Matthias Shearsby,67722 Sommers Place,1038542,5,0,274,1140
Lammond Bartolommeo,9188 Ridgeway Pass,4405765,2,4,2156,1944
Charline Corns,979 Moulton Way,4758451,2,0,3394,1992
Shayla Roache,3 Anderson Terrace,3594387,8,7,1420,3142
Roland Lusk,2 Burning Wood Way,2465396,0,1,848,266
Othella Moir,67177 Buena Vista Point,736194,3,7,2664,2289
Winny Colombier,055 Carey Plaza,2385755,4,0,993,3043
Parsifal Bemment,09356 Ludington Center,4803218,1,8,3361,2107
Aurilia Rignold,463 Anzinger Circle,2360311,5,0,3901,2490
Evangeline Richemont,797 Vermont Road,2270071,5,2,577,1101
Hilliary Bakhrushkin,0 Mitchell Terrace,2514848,2,0,1741,83
Clerc Bewshea,8 Grasskamp Crossing,2036442,3,3,1228,1501
Tally Ruggen,36 Comanche Place,3102696,1,4,1340,3142
Indira Etchells,909 Hermina Terrace,2872583,1,1,1074,4
Mendel Blachford,7 Brentwood Drive,3697276,1,5,3743,3304
Rosina Godsmark,8 Oak Terrace,1981550,4,5,1529,2238
Sandy Gopsill,0801 Fisk Street,1990514,1,7,1733,3242
Kirsti Kerkham,97 Memorial Circle,3315762,8,3,2929,983
Viviana Heineke,4942 Schlimgen Park,3868281,3,4,2183,2173
Melanie Blaxland,556 Maywood Way,1837158,2,1,1828,938
Ulises Standbrooke,98 Manufacturers Avenue,1651488,7,4,2223,2732
Alasteir Surgen,161 Roxbury Crossing,1348115,0,8,3679,224
Clint Sturton,2 Kenwood Park,4183263,1,4,352,3304
Raphael Pavlenko,16 Waywood Pass,2621739,8,3,3656,94
Shirley Presman,33 5th Trail,4697989,0,5,3039,3001
Val Folliott,79 Raven Court,2895463,0,1,1713,1105
Ilka Highway,423 Service Avenue,3770948,5,8,2429,2666
Kippar Rolls,7459 Carberry Circle,2289097,8,0,3780,631
Lauren Keri,0928 Melby Terrace,550351,5,5,4094,381
Mickie Strafen,97 Dapin Park,3132508,7,8,4253,1617
Ewell Vasile,7 Hovde Crossing,2807098,6,3,3868,2614
Annadiana Seatter,376 Hintze Avenue,1662685,2,5,3756,2209
Sharona Janew,8 Meadow Valley Circle,2678037,7,6,4493,3254
Portia Eastes,42699 Novick Point,988028,0,6,4765,2684
Lockwood Wittier,79899 Glendale Hill,1618540,7,7,2146,339
Donny Deabill,57555 North Lane,437490,1,1,1615,944
Eduard Tolley,32 Artisan Park,2293330,6,1,803,3259
Olga Worge,56 Londonderry Place,419962,8,1,1682,2822
Stafani Maasze,3287 Ramsey Court,4405656,5,3,3182,3258
Bonni Santoro,0 Rowland Alley,2395638,0,5,3414,3407
Merv Mungane,92 Clemons Crossing,1159110,0,1,4500,2208
Ethan Grigoryov,2720 Hanover Center,2071098,2,7,78,1759
Billie Jeannenet,8410 Schmedeman Road,2844732,3,1,732,3128
Ludovika Salway,2783 Dwight Plaza,4788287,6,4,1920,1510
Tony Stonhouse,49 Clarendon Park,611296,4,0,2684,2761
Hort Draper,8628 Oriole Avenue,2005596,6,6,3742,2789
Dehlia Giacubo,50 Almo Road,4924760,3,5,5169,93
Theressa Skune,40 Service Parkway,2178326,4,4,5462,1021
Michel Atkins,20 Moulton Avenue,4125177,3,2,5338,2416
Alta Poat,603 Fordem Parkway,3558616,3,0,151,2731
Neysa Derrington,34146 Ryan Plaza,867244,2,4,4578,992
Kaylyn Corradetti,34 Crownhardt Crossing,4525313,4,2,5408,656
Hanny Dovidian,0943 Pawling Way,2383042,4,1,1661,270
Genna Connikie,9588 Charing Cross Park,4421904,3,0,2353,953
Dixie Ansett,867 Farwell Junction,3643539,2,1,1363,2871
Justine Slyford,05228 Corscot Pass,3184727,1,0,48,738
Ottilie Mouat,51001 Forster Park,3424068,3,3,1885,3093
Camel Ferryman,08 Toban Pass,1681740,8,5,5490,1385
Jenelle Stockman,0080 Dayton Place,4536732,5,1,4345,1716
Riane Weiser,817 Reinke Lane,4993051,6,8,3785,2602
Byran Fourmy,9 Roxbury Lane,3149095,4,4,1457,1052
Wolfgang Daniells,00 Carioca Point,4207812,7,4,2032,1530
Melodie Lauchlan,045 Sycamore Park,2475523,6,2,5312,2641
Rania Pehrsson,64405 Sullivan Plaza,2770724,3,0,2539,359
Klemens Endean,1 Rigney Alley,3056925,8,4,931,2014
Brynne Bande,91 Marquette Circle,1874668,3,4,1636,2524
Kathleen Lindgren,9235 Holmberg Way,3992018,7,4,1762,3377
Hillary Viall,285 Northridge Trail,4126003,6,5,1049,1476
Melisa Lockitt,2 Granby Drive,2685849,5,5,916,1009
Jess Johananoff,89746 Rusk Drive,1751222,6,6,2882,757
Marius Touzey,1 Oakridge Terrace,4785979,4,6,901,3375
Danyette Mucklo,07 Washington Pass,746107,7,8,815,2412
Mellie Pizey,037 Lunder Drive,1840834,0,1,2779,2622
Norine Coolbear,4526 Raven Alley,1799683,1,3,3908,1208
Timotheus Hercock,55918 Everett Point,1331456,4,6,2197,653
Humphrey Gianullo,7666 Independence Crossing,2397816,2,2,4369,2364
Joanie Palluschek,6952 Coolidge Alley,2645555,5,2,1577,3393
Cullie Nornable,88 Hallows Park,1874418,1,8,4883,134
Madlin Abrahamowitcz,00110 Truax Drive,2382242,2,2,329,175
Herby Palomba,583 Superior Drive,1498116,3,1,3659,2670
Vernen Veevers,7 Anhalt Place,4889801,2,6,1445,628
Stafford McComiskie,57433 Pepper Wood Park,802696,2,5,814,1698
Gayle Leppo,3792 Cottonwood Terrace,583928,1,8,4819,1023
Angela Hebburn,303 Sutteridge Circle,3306979,7,7,2676,1408
Robena Stemp,398 Fairview Court,2207870,8,6,4375,2908
Giffy Brunning,989 Ronald Regan Pass,3606127,3,6,96,2774
Sib Paule,1 West Road,4721619,5,3,2514,2540
Sybil Defrain,01 Portage Hill,1656706,0,8,2073,1316
Dedie Oki,0 Russell Trail,1043975,5,6,2096,2300
Clari Hankinson,09261 Kings Terrace,2481776,8,7,4090,2755
Koenraad Olman,20368 Charing Cross Junction,1145994,3,7,1531,863
Zarla Butchart,3075 Golf Plaza,4752236,8,0,1379,2424
Ax Croose,26 Eagle Crest Pass,4487803,6,8,888,2005
Rakel Cowing,13141 Division Circle,4092022,8,2,904,1465
Rodina De Roos,18916 Gerald Way,2512748,1,5,3923,2209
Emelyne Sor,28947 Armistice Alley,1042562,2,4,3438,2640
Shepard Cohr,17 Arrowood Plaza,365308,2,8,3439,2883
Amber Bernardoni,8859 Daystar Street,4230839,3,4,2308,536
Lurleen Noden,4527 Golden Leaf Terrace,1952928,4,8,3948,2633
Grantham Waliszek,5 Granby Terrace,2752086,5,3,2462,422
Karilynn Spillett,121 Bultman Drive,1514731,3,4,1855,417
Royce Larcher,9 Vidon Hill,713325,8,3,2906,2572
Angelo Gherardelli,64444 Bonner Crossing,1871162,7,6,4152,3416
Jobey Pinchen,5 Fulton Park,1850618,5,4,862,3213
Verne Willmott,61255 Fallview Avenue,4360441,6,1,4008,668
Heinrik Popley,9934 Aberg Court,4986366,6,0,1854,2367
Karilynn Greenshiels,70 Elka Street,3150069,2,4,3880,3112
Liana McNickle,098 Golf Hill,1145751,2,7,2306,2120
Broddie Winterton,35113 Marcy Plaza,3368009,3,1,3474,684
Jordon Beveredge,3 Towne Lane,3453586,2,3,1393,94
Sunny Matuskiewicz,40 Beilfuss Crossing,1318455,4,2,4833,1350
Harper Spera,5 Eastwood Plaza,3207858,8,1,4733,2583
Patrick Borrington,4875 Luster Point,3539123,2,4,3166,3236
Babbie Laba,26005 Union Pass,2243741,7,1,870,2231
Aurelea Speachley,2 Dapin Park,1592000,3,0,3186,3493
Jaimie Kollatsch,50975 Mallard Crossing,1265364,8,8,606,390
Josy De Benedetti,73 Lien Lane,1149532,5,7,4449,3425
Arline Smart,43140 Kingsford Street,3021565,6,2,2204,3422
Aime Aldersley,7568 Nelson Road,3998334,3,5,1887,656
Ealasaid McIlwain,91658 Rutledge Way,2105003,6,3,5109,187
Seymour Dog,30 Declaration Crossing,929324,4,6,2609,1805
Daloris Hegerty,065 Eastwood Point,4028932,7,0,3448,1784
Didi Kleinbaum,763 Tennessee Park,2488835,3,6,536,1493
Eileen Jurn,05 Carberry Road,4217887,5,6,2747,1890
Noble Grayshan,06498 Parkside Park,1378866,1,0,4734,3041
Iseabal Wolton,54 Daystar Road,682126,7,4,2227,2590
Conan MacCaghan,5149 Veith Crossing,1430321,8,0,3350,935
Adina Rattenbury,617 Golf View Place,443597,5,3,3051,3416
Laryssa Ditch,679 Golf Terrace,453149,7,1,3203,792
Zachariah Tregonna,711 Brickson Park Center,566108,3,1,330,2211
Walsh Giamelli,24 Cardinal Terrace,1128828,7,2,1556,1604
Felicio Baddam,0178 Mcbride Place,1720365,2,3,4858,475
Caleb Botterill,1711 Westport Plaza,1602564,8,4,4035,1710
Myrta Graith,91 Morning Place,3606187,3,7,2,2202
Enrichetta Coan,519 Shopko Park,563438,1,0,4819,1904
Derron Staner,8 Golf Circle,670588,0,2,4490,1210
Silvester Heathcote,85262 Holy Cross Drive,3698034,2,6,3564,1514
Zaccaria Trowl,9 Straubel Park,1656753,6,0,1147,406
Petunia Raymont,88881 Moose Alley,3778865,5,7,1962,2594
Lydia Hayhurst,02 Pepper Wood Lane,1487181,1,2,3984,2461
Gaylor Raithmill,8130 Schmedeman Court,4432391,8,2,5222,918
Oneida Appleton,24 Reindahl Court,2223050,4,5,4856,2350
Jason Loges,900 Rowland Way,417891,4,7,4679,2347
Marty Tokell,67 Old Gate Street,2221401,5,4,4394,368
Rudd Aleksahkin,514 Truax Road,2220552,1,0,1191,632
Dagmar Epelett,7573 Calypso Lane,2760579,4,0,1630,3459
Rina Alekseev,43 Fuller Drive,4612532,6,1,3499,2414
Harris McEvilly,7173 Veith Park,4309979,0,6,3168,2892
Jerry Sclanders,1698 Luster Plaza,2370342,7,6,524,3271
Janette Koche,1 Loftsgordon Circle,3683544,8,0,2749,1531
Deina Tuffley,20 Victoria Street,992855,3,8,3568,1083
Monro Grubey,38396 Sycamore Circle,2315268,8,7,4961,2814
Dillon Dorsett,5 Eastwood Lane,530456,5,7,517,3410
Michele Shaudfurth,8499 Lawn Pass,4838642,5,6,325,512
Tori Rozycki,3 Holmberg Crossing,1245104,7,4,2488,3434
Ardyce Lamswood,0520 Sauthoff Junction,2014534,6,5,4539,1874
Valene Jolland,10554 Bellgrove Plaza,2764915,2,7,4472,1155
Celestina Swyn,61322 Florence Hill,3537809,5,2,839,977
Georgianne Lambregts,96 Del Sol Point,4862405,0,2,1326,3446
Conroy Wheldon,89838 Mccormick Road,1070178,1,1,455,1806
Katuscha Durrad,714 Bowman Drive,1007923,0,5,4373,2966
Zacherie Elby,88 Meadow Vale Court,2829084,6,5,2504,1680
Wynn Traher,21539 Arkansas Point,1875136,4,1,72,368
Ardelia Pearse,9924 Sutteridge Crossing,4883284,4,0,4085,1174
Dwayne Piddington,6 Calypso Avenue,1305532,6,2,5328,296
Federica Jeff,39 Veith Point,4846254,0,2,3442,569
Antoinette Imbrey,65 Quincy Avenue,2366236,4,7,4047,643
Darcie Braund,67798 Katie Court,4755465,5,8,4009,957
Elicia Naptine,1227 Homewood Junction,4370750,1,6,2854,1685
Melisandra Garrigan,2 Amoth Circle,3318033,7,0,5196,134
Dillon Lyptrit,701 Anhalt Pass,2991794,3,8,1153,448
Dominic Vidyapin,068 Randy Parkway,795407,8,4,5345,2353
Eddie Byass,416 Doe Crossing Plaza,3281281,2,4,2432,1579
Maximilian Houchen,8787 Scoville Plaza,1151535,0,3,2479,2308
Trefor Groger,46672 Anzinger Road,3602845,5,2,4816,612
Grover Zambonini,62 Sutherland Court,3208762,4,0,1231,157
Caitlin Braunes,5 Badeau Street,1624481,4,6,3347,3041
Lydon Haack,9219 Express Place,2964072,3,1,871,1725
Sabine Hansard,4563 Anniversary Point,1490524,7,8,3274,347
Trev Dufty,6563 Arkansas Court,3300638,2,2,4289,347
Jasper Friskey,94 South Trail,627929,1,0,2236,1931
Ashley Jenicke,1 Porter Avenue,4961438,3,1,4053,2619
Rosabel Chuter,3 Chinook Terrace,2282997,0,7,1472,379
Katalin Larvor,5211 Delladonna Terrace,1347051,3,4,2141,1579
Ernesto Barnet,33265 Nova Place,1903695,7,5,780,2678
Florette Wynter,31077 Shoshone Drive,3299278,5,3,4497,1424
Filippo Thackeray,32 Dovetail Road,1756931,8,6,4545,276
Gwenneth Veare,8646 Randy Parkway,2168506,6,1,23,1383
Dyana Bibb,0906 Manley Way,3176079,5,5,4799,1906
Daisy Bedding,8 Welch Parkway,3330823,0,2,3217,1044
Hamlen Petherick,68630 Emmet Parkway,3725278,7,7,3407,3071
Dita Agott,98936 Riverside Pass,892260,8,1,4903,546
Sharl Scholling,2 Larry Plaza,3377135,4,4,597,2161
Stephenie Brain,828 Waxwing Hill,2524376,5,7,5145,2519
Marietta Ransbury,6 Acker Terrace,4021087,0,1,2667,1629
Anneliese Ceaser,0609 Dennis Lane,1611835,5,7,1535,1734
Etty Brister,27804 Union Drive,3856448,6,6,1251,3095
Nerti Quickenden,01 Shopko Center,4698183,8,6,178,2658
Daloris Dreossi,41665 Stang Parkway,643221,7,4,5326,24
Iorgos Challicum,070 Farmco Way,4989334,5,6,1474,1889
Jakie Swalwel,9842 Elmside Plaza,2868931,2,4,854,2314
Carlie Hallam,3 Eliot Trail,811440,8,1,1235,1576
Marne Danielian,8 Messerschmidt Alley,3724664,3,4,2830,3093
Orton Romke,8 Melvin Trail,3420757,4,1,1116,1446
Adora Gilardone,70486 Rieder Street,2716962,3,1,3416,654
Kamila Bartholomew,867 Cordelia Road,2170737,2,1,1174,2765
Jerrine Aaronsohn,80 Hudson Point,3316706,4,1,3516,151
Melesa Miskelly,0 Johnson Parkway,4842849,1,6,5074,2660
Janine Delamar,1746 Tennyson Parkway,560129,3,7,5308,2599
Ariana Duncan,5818 Walton Crossing,2856543,4,8,4153,65
Gigi Allaker,8055 Heffernan Avenue,2628464,1,6,1587,3149
Madelle Howship,10559 Surrey Hill,2852535,6,0,2615,3465
Saw Caton,216 Becker Point,4619833,5,1,388,2938
Andriana Mordie,53 Bunker Hill Court,3520999,0,3,4247,2160
Tobie Brogi,6517 Artisan Avenue,618983,3,5,2572,987
Jessalin Harverson,054 Florence Road,3223292,7,6,5131,611
Keri Hamments,934 Burrows Center,2382215,6,7,795,2167
Jarrett Pickston,26 Mallard Court,466182,2,8,4508,72
Peta Petrollo,2774 Londonderry Road,4075849,3,7,1799,798
Sashenka Newstead,8997 Barnett Way,294643,3,8,1983,2799
Fergus Serck,556 Bashford Point,428681,0,5,4095,2530
Caitlin Dargavel,34126 Declaration Hill,1354170,5,4,1472,1444
Lorena Bourthoumieux,2032 Karstens Point,1008638,6,0,74,288
Danny Ferrige,9 Oneill Court,2190500,8,0,3272,3192
Antoni Dicte,24898 Melvin Circle,376231,7,8,2670,15
Crystal Wolters,96 8th Place,3960335,3,6,3241,2219
Aurore Bayston,1573 Scott Lane,826436,5,1,3620,2921
Dimitry Wonham,244 Cody Court,4333697,4,6,865,2734
Cortney Roundtree,0242 Erie Court,4122371,4,4,5487,2672
Neil Yarr,1 Charing Cross Lane,772543,8,8,123,1355
Eleanora Leisman,3090 Petterle Center,3943464,1,8,4059,3200
Ruy Turri,39819 Redwing Drive,1711665,1,6,3929,851
Valeda Dumbreck,5 Del Mar Plaza,1298469,0,0,620,1725
Rutherford Titley,052 International Court,4588657,5,8,5188,2255
Ralf Darrigone,10691 Canary Road,666708,2,3,61,1063
Scarlet Etchells,280 Lawn Trail,1454890,7,4,2471,1667
Basil Anear,8976 Blue Bill Park Hill,1188864,5,5,4385,3172
Pepi Bouskill,154 Jana Center,4950292,8,3,2479,141
Arlette Lownie,556 Menomonie Crossing,1701070,2,5,2961,1520
Lara Kochs,606 5th Lane,4729886,2,4,3705,2720
Edyth Ekell,72 Harbort Junction,2221018,8,2,1138,1178
Bondon Smylie,78930 Anzinger Way,733766,8,4,1832,257
Devy McGinney,94 Moulton Junction,908397,4,8,3502,985
Gilemette Britee,810 Becker Center,1058414,4,6,5194,2859
Feliks Esome,906 Mcbride Junction,4078375,1,2,4440,2576
Paxon Mitten,30928 Dorton Lane,4094505,5,3,3257,126
Davie Lockyer,14971 Petterle Alley,1105601,4,7,627,849
Price Spradbery,57678 Summerview Road,1408978,1,5,1118,14
Corette Fieller,6 Packers Hill,1482184,3,8,4316,3421
Albrecht Manlow,0 Texas Trail,1509659,0,6,1814,1345
Cullin Perrigo,44 Lighthouse Bay Point,4891772,6,8,4007,2627
Sanderson Falkus,5642 Milwaukee Court,2041738,7,2,1988,1645
Quint Ibbitson,26787 Village Green Lane,1206866,4,3,2029,71
Arte Arnopp,877 Daystar Center,1314169,2,0,4560,2566
Jodi O'Fairy,07 Shoshone Center,1816824,6,0,1003,1303
Hershel Duchatel,4669 Brickson Park Point,572264,7,3,4780,3084
Dora Cumpton,5855 Kipling Way,1268739,3,8,1480,179
Krisha Barker,2904 2nd Drive,4345492,8,1,4329,3306
Erna Conley,56453 Kim Drive,4189242,2,1,2133,2817
Jackie Brackenridge,8 Cardinal Way,1981289,0,4,2279,1370
George Mival,9766 Westerfield Crossing,1407261,6,1,281,959
Zola Charpin,63184 Mariners Cove Circle,2286135,6,7,2237,1964
Leeanne Foxon,5752 Tennessee Road,265378,0,8,2036,3357
Darius Goodfellow,085 Reinke Lane,2960180,7,8,4868,1222
Rowen Aylen,2 Gale Alley,1439399,5,4,1100,2836
Marni Atthowe,13573 Gina Way,420989,5,2,843,1757
Irvin Stag,82 Melby Park,4514031,3,3,5150,1259
Vince Kosiada,2 Browning Crossing,4188420,2,7,3089,1684
Josi Barradell,64657 Jenifer Center,3438193,0,2,547,121
Teodor Wickens,88863 Dwight Lane,920951,0,5,4787,407
Benjamen Haddleston,951 Veith Terrace,4495090,7,8,4007,2281
Rafaelita Dibbe,46619 Pennsylvania Avenue,663746,2,5,73,2868
Leandra Monk,45 Messerschmidt Lane,1118138,1,6,3827,1650
Elsbeth Ashwell,2118 Corry Way,743736,3,0,1081,452
Torrance Sands,28 Wayridge Center,2544163,0,6,5237,2995
Herby Byrth,89933 Reinke Road,3192379,5,4,3755,1068
Edeline Bratley,19 Arizona Pass,2071779,8,0,133,2368
Merna Auger,38564 John Wall Alley,2914178,8,0,3776,2659
Libbie Terren,3765 Miller Way,3416288,3,2,649,1106
Urbain Bicheno,67 Lotheville Hill,478893,4,3,4402,2092
Holly O'Carran,54 Heffernan Center,583917,7,2,4447,1084
Ivar Perfect,18 Linden Place,4250391,2,7,1513,2328
Park Pascho,0 Vermont Parkway,1043597,3,8,2825,658
Quinta Golde,9 Doe Crossing Circle,2488886,1,7,2421,1306
Cassi Baddam,3689 Charing Cross Way,4932051,2,0,5022,104
Glory Bisley,422 Scofield Parkway,3341146,2,6,1682,595
Stephenie Jannequin,916 Crowley Hill,1610065,7,5,1653,2487
Regan Settle,31835 Stephen Point,432461,1,5,4683,2369
Maurie Benedito,64 Marcy Drive,1822804,8,6,3791,388
Mureil Jacks,022 Vahlen Drive,4183777,4,0,1063,192
Mick Corker,6 Shoshone Crossing,1057461,6,2,3612,680
Tom Jacqueminet,726 Riverside Court,4756316,7,1,575,969
Shelli Prestidge,02360 Clarendon Park,4419184,1,1,2450,657
Erin Threadgall,615 Moland Street,3464199,1,8,2771,3401
Jesus Iacovacci,54130 Blackbird Terrace,2628979,4,5,4305,822
Tierney Delacote,43051 Union Trail,4041453,0,2,3752,3376
Lambert Guillford,5331 Ridgeview Terrace,3799690,5,6,1610,1956
Ann Malbon,7 Talisman Lane,855895,5,4,2849,1690
Thorpe Bonaire,1390 Spaight Junction,1199586,5,7,2233,614
Nisse Flaonier,58238 Goodland Park,1356285,7,3,3613,2009
Yasmin Ducker,8 Melody Pass,4736344,8,3,2451,3274
Cleopatra Windley,384 Homewood Way,628228,5,1,2026,2671
Sandy Duling,969 Rutledge Trail,1766744,4,7,2176,227
Benetta Kilgallon,54 Porter Plaza,3884550,1,5,1800,3217
Rae Itscovitz,39687 Brickson Park Court,2847114,2,2,2544,879
Alisander Dolley,07 Merchant Circle,660207,8,8,5146,304
Jessica Gaskal,7 Linden Alley,2562505,6,7,2699,925
Haskell Phaup,0828 Hazelcrest Crossing,4572963,8,2,1716,2282
Ado Leban,0 Morrow Pass,1064829,1,5,2839,3351
Vincent Hargrave,78 Dakota Court,3827437,0,2,1596,2697
Helen-elizabeth Bannard,99830 Hudson Center,2595804,7,4,4803,242
Erinn Mycock,764 Sage Park,2699067,2,4,387,3172
Virgina Mulles,1214 Hansons Alley,3269309,8,1,665,3094
Olav Nestor,335 Ridgeview Junction,3785720,4,1,4780,2364
Bank Tumber,435 Sauthoff Drive,4523922,5,2,1302,1262
Lay Duggary,97 Marquette Place,1781529,0,3,767,2590
Fidela Macro,1202 Pleasure Plaza,4403455,1,5,430,229
Trix Webben,64 Shelley Pass,492874,2,2,3177,794
Alyson Hutchins,82514 Sullivan Avenue,3557174,8,3,3390,455
Delcine Connell,55511 Hoard Center,857411,3,6,1304,1084
Marcellus Keetley,5 David Parkway,2343869,0,2,4562,709
Melosa Kilgallon,51204 Kinsman Court,290351,3,7,1619,2036
Erick Berrisford,62035 John Wall Pass,4207107,1,5,2614,3481
Ella Jeavons,5869 Crowley Junction,1181239,6,1,1126,2077
Kareem Grigaut,8641 Sutteridge Street,3607962,0,1,3720,1964
Clem Flanigan,5 Scoville Way,4006585,1,7,1313,169
Broderick Gannaway,839 Esch Lane,2307975,2,7,143,384
Rosaleen Goldis,4 Northport Junction,2698224,4,1,1224,1337
Lisa Meni,64 Muir Plaza,4499337,1,5,1719,2003
Elwood Davis,30 Melrose Place,4550464,4,4,3860,166
Hana Fairbeard,12572 Mallory Alley,1468785,4,6,2976,1795
Arin Brisland,53773 Twin Pines Place,2467282,0,8,6,820
Tobe Kunzelmann,24 Lyons Terrace,3149859,6,1,1598,730
Bald Baudrey,2 Lerdahl Street,4571236,7,8,256,1240
Brenna Jeary,80 Lighthouse Bay Avenue,2478105,2,3,3215,3109
Herta Cuchey,45550 Mosinee Circle,3433019,1,2,230,759
Aldridge Withers,6 Maryland Place,2534783,4,6,3731,1495
Roldan Milby,25 Pond Way,3655109,7,0,255,3097
Bonita Yewen,57454 Portage Place,4032017,6,2,725,3159
Joaquin Antonucci,31848 Magdeline Court,3834955,8,1,3397,554
Zorine Abotson,352 Utah Terrace,4712791,8,4,5486,1374
Tilda Chevalier,5 Dapin Circle,3505475,2,7,3195,2048
Marina Bentame,11620 Little Fleur Junction,1173464,4,8,1228,3376
Fair Copplestone,752 Mcbride Place,4818374,0,1,3839,1006
Maximilien Hurkett,9 Forster Junction,4616423,6,1,91,16
Patin Ascough,38007 Anhalt Trail,2137756,4,3,2068,768
Rob Benam,6981 Northfield Terrace,1037535,2,7,1060,978
Georgy Wildman,76214 Oak Valley Circle,816977,1,3,5392,1868
Wilma Etheridge,6 Clyde Gallagher Lane,3001574,7,4,3360,1567
Shellysheldon Jeaycock,4470 Clemons Street,1825060,7,6,3495,364
Beck Espinet,0533 Commercial Park,1644979,2,4,2018,2029
Rachael Andreopolos,2241 Debs Way,3394555,6,3,128,3358
Katherina Osgardby,2 Thompson Way,1700968,6,5,5156,1774
Lishe Dumigan,8898 Miller Pass,3329455,6,2,1413,1587
Padgett Rowcliffe,765 Charing Cross Trail,1513171,8,4,787,2590
Archy Satterly,0251 Dexter Road,2919864,8,6,1615,1466
Lorrayne Chatel,421 Utah Plaza,2947310,0,8,3111,2680
Kevyn Klulik,847 Bultman Road,1362940,6,7,4049,1640
Haywood Strasse,7 Columbus Place,1538989,6,5,3115,12
Freedman Mattschas,6961 Hagan Plaza,2112230,2,0,2342,2231
Guilbert MacQueen,32 Hoepker Court,1140427,8,8,4669,2115
Isadore MacAlpin,6543 Basil Pass,1594374,2,0,2642,1248
Lind Espinha,46473 Forest Parkway,1375895,1,5,1016,2468
Elfrieda Pepin,5 Nobel Junction,1935248,4,1,4669,103
Lexine Cumber,88 Green Ridge Lane,1232339,1,1,95,246
Davidson Wederell,8 Morning Alley,3339090,4,7,3523,3147
Sebastien Hassett,423 Killdeer Point,1657376,1,6,4151,956
Garey Gabel,82 Hansons Lane,1926909,4,1,4055,3040
Noach Baudesson,42646 Westend Plaza,1381449,2,1,4186,1897
Wynn Darco,3 Briar Crest Place,2828015,0,5,1771,3152
Cullin McKew,1 Merry Street,2714262,4,4,3241,3137
Inigo Clemenzo,721 Hayes Pass,1258222,6,7,3421,719
Maximilianus Hutchence,2 Johnson Trail,2987033,2,5,4326,2501
Kippy Boss,08 Westridge Avenue,3781311,4,1,1627,3427
Brenden Adamini,0646 Grasskamp Hill,3284602,3,7,1451,658
Lonnard Scotchbrook,33552 Briar Crest Road,2800006,2,5,5049,2052
Bella Byrnes,96999 Kedzie Point,1435404,0,1,4135,665
Care Rawlcliffe,0 Esker Way,1541228,0,5,3633,2504
Merridie Spofforth,07 Wayridge Drive,3964683,1,5,58,3174
Gauthier Beckley,328 Truax Hill,318925,5,2,2345,451
Kriste Slimmon,3542 Rockefeller Point,1464844,5,5,1213,643
Sandi Hovey,41 Claremont Junction,1613910,8,2,4691,2088
Cecilla Wroath,45521 Springs Terrace,2242171,3,5,1561,2873
Lyndel Charer,11286 West Park,545016,6,8,1245,674
Kirstyn Ivankin,02907 Messerschmidt Circle,4969472,2,5,4625,2942
Taite Ianitti,13125 Fulton Alley,2140445,3,0,4499,2998
Cecelia Ness,05 Oakridge Alley,4218725,2,3,3552,3136
Tristan Paschke,68 Farragut Way,3967884,4,0,1663,2617
Ferdinande Semper,2 Old Gate Park,2579102,1,8,3702,1647
Claiborne Sargison,56734 Esker Circle,2536598,3,2,2710,2165
Gussy Ternouth,24141 Pond Street,1045914,7,7,871,217
Petronille Topp,2994 Loftsgordon Parkway,1852062,8,4,4818,656
Janene Oliveira,5 Magdeline Crossing,2442032,2,3,1636,3103
Myrah Inchbald,06083 Dottie Drive,2955465,6,3,1769,3395
Antony Collip,8184 Bonner Alley,1192233,1,1,501,2173
Gavra Bitcheno,25404 Roth Junction,1937637,6,8,114,1597
Sarena Verrico,219 Charing Cross Hill,3859414,6,2,1321,1324
Lucy Ilsley,506 Vermont Trail,3491233,2,1,1710,3297
Jessey Fleeman,90785 Hovde Plaza,3792171,1,7,4590,2280
Corbin Spaice,1862 Meadow Vale Street,826593,5,1,194,930
Goraud Moutray Read,9222 Karstens Alley,4200034,6,6,4346,3202
Charleen Beange,831 Basil Junction,3805627,1,4,2415,1469
Anders Dodsworth,43 3rd Park,4605949,7,6,4688,1120
Salvidor Lyle,25199 Di Loreto Plaza,2017666,8,4,5327,2995
Alika Vinter,57739 Independence Crossing,2899784,7,7,1308,2921
Sande Spofforth,2 Utah Trail,1934084,8,5,3999,1796
Bonita Pochet,3402 Roth Plaza,3603269,7,2,2990,3297
Merry Hanstock,7684 Hanson Junction,4856787,1,3,1087,3422
Godiva Bertelet,1 Harper Alley,1589700,0,6,4043,454
Rebeka Lifsey,21 Burning Wood Circle,3321999,0,7,157,1628
Philippe Mollatt,6477 Merchant Lane,4222691,0,1,2132,3236
Myrtia Lighton,09 Gerald Terrace,3513076,3,4,117,1226
Pierson Baddeley,4969 International Point,3895381,3,0,674,1633
Calvin Pawlett,8598 Hoard Center,2329747,4,2,723,3073
Henry Bayman,234 Sundown Avenue,3928921,7,7,4206,2204
Jarred Grutchfield,56468 Tennyson Lane,3459458,1,2,5007,915
Alikee Gasnell,7207 Hoard Avenue,3954795,4,4,3472,2535
Demetria Gunthorpe,1 Scott Junction,2973155,3,3,4520,63
Nathanael Goom,4465 Petterle Avenue,803210,8,3,715,2599
Nye Bitchener,2 Tony Hill,3021402,4,7,4147,2738
Corabella Lilford,55160 Bayside Point,4603246,5,4,2213,2463
Kass Woolsey,57 Montana Way,3297811,4,7,3073,2266
Kore Havers,49 Eagan Parkway,1048859,5,6,265,34
Ashli Kelsey,20 Sheridan Road,3250407,0,4,2954,3053
Dean Saby,4639 Algoma Street,2451170,4,6,4190,2626
Odella Collecott,1378 Crest Line Road,2266218,1,7,2304,1833
Dorey Greenlees,0 Center Terrace,4628034,5,6,3640,1644
Pepi Worters,2566 Cambridge Drive,746429,7,7,5147,305
Merrel Georgiades,78 Norway Maple Court,4983263,2,8,2739,3151
Marcile Skakunas,4 Londonderry Point,1211271,8,7,5460,2472
Alisun Bernardeschi,82 Fulton Point,2644206,0,1,806,2287
Ardys Comrie,15 Maywood Point,3570361,3,7,1880,130
Homerus Syvret,550 Florence Trail,2407700,6,8,4436,1304
Marcelle Mylchreest,95 Moose Crossing,1533270,4,8,3376,2781
Reggis Leitche,15913 Rowland Center,2740131,5,8,4675,3293
Sherm Hixson,30 Coleman Alley,2408743,2,6,1905,3321
Noak Boucher,897 Havey Hill,3508614,3,2,2035,703
Miguelita Goodbarne,909 Golf Junction,2825510,3,2,3707,1548
Nil Corde,4207 Pleasure Pass,3626090,7,6,1018,2221
Roxi Jillard,44 Prentice Drive,4068186,8,0,2910,801
Laraine Strute,820 Killdeer Center,1876716,3,0,3689,2098
Liz Kopelman,17 Logan Road,851991,7,4,378,1036
Cynthea Pauwel,4 Nelson Junction,4300377,8,7,2310,2354
Granger Orton,954 Bellgrove Alley,378036,0,4,5130,879
Valentino Mattiuzzi,2436 Golden Leaf Circle,4570658,5,0,2956,2311
Darryl Gwyneth,98113 Mifflin Hill,542840,8,6,35,2398
Consuela Goane,275 Moose Trail,1333468,8,0,5162,2970
Alvera Limprecht,21626 Walton Park,1466134,0,4,429,2830
Humphrey Darnell,562 Bashford Pass,3556471,3,4,2790,1407
Earvin Milsted,01850 Westridge Drive,621281,5,2,3033,733
Mata Di Dello,74 Stuart Avenue,2739647,0,0,406,3021
Franz Eggleson,192 Springview Crossing,669798,2,8,4206,3356
Rutger Arnason,859 Clyde Gallagher Hill,1242791,6,7,3019,466
Tessi Matveichev,3603 Del Sol Lane,2405583,3,3,2469,2161
Josee Stobbart,497 Grim Parkway,3859329,2,5,2531,2515
Fara Ekkel,7 Jenifer Circle,344753,5,2,1374,368
Roddy Fries,6 Clemons Plaza,3976131,5,5,1848,1669
Blondie Woodruffe,4986 Longview Way,3558234,7,8,3473,1447
Jolene Southwell,881 Bluestem Avenue,4376007,1,4,2877,3097
Daren Pawlick,08737 Carey Terrace,3142065,3,6,3348,520
Lesley Newstead,8 Hauk Plaza,4103769,1,2,4210,500
Ulysses Cabane,478 Reinke Road,2654278,5,1,1508,2161
Vinny Rippingall,6 Messerschmidt Circle,2324192,3,7,4188,1873
Putnam Gianolini,1233 Moulton Court,4135091,5,4,2102,1594
Gill Queenborough,9 Reindahl Avenue,1847835,6,6,2425,354
Finley Rattery,485 Burrows Hill,4499402,3,0,4619,3451
Mireille MacAless,28 Melody Pass,2578217,5,7,839,2508
Gray Drewett,4550 Evergreen Circle,907738,5,1,4897,1671
Chere Glasscott,4 New Castle Park,1523767,5,0,3634,2339
Jeannette Klimentyev,09 Saint Paul Crossing,1071667,7,0,944,732
Cristen Quiddihy,407 6th Lane,1501210,1,7,5192,1319
Culver Darton,48 Harbort Avenue,3661266,6,7,1204,2761
Courtnay Flores,203 Knutson Plaza,580799,3,6,4683,2148
Kizzie McGebenay,56 Corry Circle,3082025,1,8,3277,2879
Ari Robbert,4629 Dawn Street,515646,1,6,442,3128
Francklyn Windybank,950 Prentice Lane,3888559,1,8,4917,3435
Lenore Sapp,68 Del Sol Parkway,1923171,1,8,3421,1607
Alexandr Redmond,9 Starling Road,2346736,3,7,518,877
Shepard O'Kynsillaghe,6808 4th Street,4801786,0,0,2886,1309
Cazzie Macewan,783 Milwaukee Road,625336,5,1,1878,2163
Verina Stoyell,9366 Loomis Drive,3253348,3,1,663,2125
Eydie Surmon,6 Old Shore Hill,2384133,8,5,4948,1590
Sharl Gilli,5 Schurz Way,4965066,5,4,2910,3002
Marketa Bewfield,2766 Corry Terrace,4192456,6,2,592,1844
Dynah Medway,67 Rusk Way,2719748,8,1,4147,2388
Ferrell Fipp,21 Badeau Place,4658633,0,7,1161,3071
Hobey Charles,85 Atwood Drive,435689,2,5,497,3127
Nancie Charkham,5839 Melby Plaza,3675999,5,7,4057,1055
Bentlee Linne,846 Merrick Park,1924313,1,1,3785,1880
Mar Caghy,14 Hollow Ridge Plaza,264398,3,5,1713,2117
Carlin Inman,86 Dorton Drive,1116558,2,0,4221,140
Richmound Dunbobbin,4 Farragut Drive,4872754,7,5,317,1377
Cheryl Urlich,51862 Rowland Center,532739,5,4,3244,328
Steffen De Giovanni,936 Kinsman Alley,2844140,4,5,366,3260
Stanislaus Stiegar,491 Sheridan Lane,543941,2,7,152,2446
Osbourne Hane,4 Warbler Circle,2765865,1,7,2784,964
Carla Tippings,19484 Almo Trail,1415765,2,0,1118,466
Noel Mordy,148 Forster Parkway,4365802,6,8,3952,980
Ana Battany,3 Pierstorff Point,614733,2,0,4996,1501
Chere Twinbrow,5323 Dryden Trail,2388528,7,6,3482,1814
Cyrus Corryer,5 Ludington Crossing,2751467,1,2,1114,2044
Rosamund Bootland,6785 Golf Course Place,3377617,2,1,4307,319
Talbert Ambrose,5084 Vernon Plaza,2280295,6,2,2179,1125
Lucille Saill,7021 Toban Pass,1298561,8,1,5406,2772
Paulette Blundel,1505 Novick Terrace,395351,8,5,4981,2275
Hyacinth Smails,77 Vidon Junction,4563308,1,7,5264,3344
Tan Renforth,71 Coleman Park,611812,4,0,3448,2881
Ricard Stodart,5568 Miller Park,988628,0,5,4387,978
Don Bohlin,7842 Emmet Park,4718045,4,6,3748,414
Karlotta Eate,790 Maple Wood Road,4857127,6,5,3829,954
Bartram Cainey,5 Lukken Hill,4979013,4,4,4142,91
Elsbeth Ludford,49526 Forest Hill,368689,0,0,592,1655
Faustina Keddie,2 Cascade Road,1641150,8,5,5226,20
Vivie Cropper,12082 Ramsey Alley,4411380,7,1,5318,2286
Hanni Petto,9824 Del Sol Way,539507,0,2,1123,1577
Kati Kieff,3 Scofield Trail,785436,8,7,3893,2440
Braden Trimbey,178 Bartillon Alley,1512393,4,6,3322,3032
Renado Cowden,18142 Utah Avenue,1993276,7,1,128,2462
Efren Peachman,44678 Luster Alley,2322158,1,8,3301,3329
Sacha Sickert,60 Caliangt Drive,2275002,7,7,1093,2088
Ddene Bortolomei,153 La Follette Avenue,3699210,7,7,4515,1467
Morly Peachey,98 Hollow Ridge Lane,4634628,5,7,3107,161
Nonna Stobbes,79 Arapahoe Place,1100743,4,7,5329,1434
Murielle Waters,72 Comanche Crossing,1663605,6,5,350,1661
Babbette Ligoe,8 Oneill Center,917708,5,7,3587,1931
Herc Riggs,926 Butternut Parkway,918387,8,3,2378,654
Annabella Alexandrou,890 Graedel Court,3824594,1,0,3040,3183
Daffy Golston,11316 Muir Pass,1478430,7,3,1027,2630
Joellen Mustard,02295 Cherokee Hill,2694014,8,5,3275,1493
Willy Dax,179 Pond Park,4305062,1,1,5352,1334
Killian Duigenan,20076 Wayridge Center,3601240,5,8,5136,1477
Elita Passie,4327 Fieldstone Circle,3698666,1,6,3755,860
Sher Copestake,544 Waywood Avenue,262205,8,5,2791,1818
Bernardina Wisson,2 Almo Road,1061207,7,5,1032,3077
Dylan MacNamara,1256 Lakewood Gardens Avenue,2375689,3,0,2199,2848
Earl Garshore,6 Dryden Terrace,2141088,1,4,2403,3419
Allie Flexman,2927 Bowman Place,3985330,1,7,3002,751
Jany Ruthen,0886 Gateway Point,1495055,5,0,4927,3311
Tallou Kitcat,173 Muir Way,4034441,4,8,320,3063
Griffy Boot,040 Waywood Street,921499,5,4,4156,3205
Katherina Le Clercq,90 Corscot Drive,1108367,5,6,3726,2543
Ashly Bussens,14588 Lighthouse Bay Crossing,780141,0,0,2101,900
Antin Rebbeck,32 Washington Plaza,1910706,2,8,5470,1128
Gamaliel Yu,1970 Grim Street,2132295,0,5,2013,579
Eal Bartleet,72397 Stone Corner Lane,1934510,8,3,4326,1707
Koralle Lutman,41 Cardinal Alley,857754,1,6,5047,1286
Coreen Wipfler,20 Mifflin Plaza,3413224,4,6,4465,2675
Milo Biasi,48 Jenifer Hill,1879718,1,3,425,517
Drud Saulter,64 Ilene Parkway,1969527,8,1,4641,2156
Gerard Haggath,4 Arkansas Crossing,3682690,2,1,2118,2354
Harley Mitchiner,1 Sachs Alley,4517115,2,4,2158,2177
Letitia Eburne,0 Summerview Lane,2488375,6,3,4863,2872
Curtis Antognetti,6964 Iowa Junction,2434015,2,6,401,1022
Charlene Schollar,6839 Elgar Trail,3867289,8,3,4439,2947
Sally Wychard,96649 Garrison Court,4007066,0,5,68,118
Hirsch Flatte,7 Sullivan Street,4576711,8,0,3455,413
Sybil St. Hill,3711 Merry Court,1840201,5,3,3466,2587
Hilary Manntschke,8782 Sunfield Street,1941167,1,3,3881,854
